{
  "content": [
    {
      "path": "gsx.cfg",
      "size": 1198,
      "date": 133291365260000000
    },
    {
      "path": "MSFSLayoutGenerator.exe",
      "size": 364544,
      "date": 133350106336149493
    },
    {
      "path": "WASM_Version_10.txt",
      "size": 0,
      "date": 133356411500000000
    },
    {
      "path": "ContentInfo/psx-aircraft-simfest744/Thumbnail.jpg",
      "size": 5446,
      "date": 133356410680000000
    },
    {
      "path": "Effects/LIGHT_AIA_B747_BeaconBelly.fx",
      "size": 1282,
      "date": 133351029378496596
    },
    {
      "path": "Effects/LIGHT_AIA_B747_Landing.fx",
      "size": 1278,
      "date": 133351029378556438
    },
    {
      "path": "Effects/LIGHT_AIA_B747_Strobe.fx",
      "size": 1227,
      "date": 133351029378606575
    },
    {
      "path": "Effects/LIGHT_AIA_B747_Taxi.fx",
      "size": 1285,
      "date": 133351029378656428
    },
    {
      "path": "Effects/LIGHT_FSLTL_B747_LogoLightLarge.fx",
      "size": 3457,
      "date": 133282168297093378
    },
    {
      "path": "Effects/LIGHT_PSX_BeaconBelly.fx",
      "size": 4633,
      "date": 133351029378706343
    },
    {
      "path": "Effects/LIGHT_PSX_LandingLarge.fx",
      "size": 4834,
      "date": 133351029378756176
    },
    {
      "path": "Effects/LIGHT_PSX_StrobeSimple.fx",
      "size": 3505,
      "date": 133351029378806044
    },
    {
      "path": "Effects/LIGHT_PSX_TaxiLarge.fx",
      "size": 1405,
      "date": 133352264182535598
    },
    {
      "path": "Effects/LIGHT_PSX_TurnOff.fx",
      "size": 4828,
      "date": 133351029378855886
    },
    {
      "path": "Effects/texture/BeaconDown.dds",
      "size": 1048704,
      "date": 133351029378955673
    },
    {
      "path": "Effects/texture/BeaconDown.DDS.json",
      "size": 119,
      "date": 133351029379005503
    },
    {
      "path": "Effects/texture/FAIB_B7474_RR_AlwaysOn_L.dds",
      "size": 640,
      "date": 133351029379075014
    },
    {
      "path": "Effects/texture/FAIB_B7474_RR_AlwaysOn_L.dds.json",
      "size": 119,
      "date": 133351029379115226
    },
    {
      "path": "Effects/texture/flare.dds",
      "size": 1048704,
      "date": 133351029379224614
    },
    {
      "path": "Effects/texture/FLARE.DDS.json",
      "size": 119,
      "date": 133351029379274832
    },
    {
      "path": "Effects/texture/FLASHLIGHT.dds",
      "size": 1048704,
      "date": 133351029379364619
    },
    {
      "path": "Effects/texture/FLASHLIGHT.DDS.json",
      "size": 102,
      "date": 133351029379414371
    },
    {
      "path": "Effects/texture/FSLTL-ALLO-2.dds",
      "size": 1048704,
      "date": 133282168297602076
    },
    {
      "path": "Effects/texture/FSLTL-ALLO-2.DDS.json",
      "size": 119,
      "date": 133282168297572106
    },
    {
      "path": "Effects/texture/FSLTL-ALLO.dds",
      "size": 1048704,
      "date": 133282168297631996
    },
    {
      "path": "Effects/texture/FSLTL-ALLO.DDS.json",
      "size": 119,
      "date": 133282168297602076
    },
    {
      "path": "Effects/texture/FSLTL-FLASH.dds",
      "size": 1048704,
      "date": 133282168297721700
    },
    {
      "path": "Effects/texture/FSLTL-FLASH.DDS.json",
      "size": 119,
      "date": 133282168297671839
    },
    {
      "path": "Effects/texture/FSLTL-LIGHT.dds",
      "size": 1048704,
      "date": 133282168297751625
    },
    {
      "path": "Effects/texture/FSLTL-LIGHT.DDS.json",
      "size": 119,
      "date": 133282168297721700
    },
    {
      "path": "Effects/texture/FSLTL-LIGHTnav.dds",
      "size": 1048704,
      "date": 133282168298010927
    },
    {
      "path": "Effects/texture/FSLTL-LIGHTnav.DDS.json",
      "size": 119,
      "date": 133282168297951087
    },
    {
      "path": "Effects/texture/FSLTL-LIGHTtaxy.dds",
      "size": 1048704,
      "date": 133282168298220369
    },
    {
      "path": "Effects/texture/FSLTL-LIGHTTAXY.DDS.json",
      "size": 102,
      "date": 133282168297941114
    },
    {
      "path": "Effects/texture/FSLTL-NAV.dds",
      "size": 1048704,
      "date": 133282168298260261
    },
    {
      "path": "Effects/texture/FSLTL-NAV.DDS.json",
      "size": 119,
      "date": 133282168298230342
    },
    {
      "path": "Effects/texture/FX_0.DDS.DDS",
      "size": 87556,
      "date": 133351029379484241
    },
    {
      "path": "Effects/texture/FX_0.DDS.DDS.json",
      "size": 119,
      "date": 133351029379534107
    },
    {
      "path": "Effects/texture/LIGHT.dds",
      "size": 1048704,
      "date": 133351029379633834
    },
    {
      "path": "Effects/texture/LIGHT.DDS.json",
      "size": 119,
      "date": 133351029379683691
    },
    {
      "path": "Effects/texture/LIGHTLanding-belly.dds",
      "size": 1048704,
      "date": 133351029379923057
    },
    {
      "path": "Effects/texture/LIGHTLANDING-BELLY.DDS.json",
      "size": 102,
      "date": 133351029379972928
    },
    {
      "path": "Effects/texture/LIGHTLanding-L.dds",
      "size": 1048704,
      "date": 133351029380072647
    },
    {
      "path": "Effects/texture/LIGHTLANDING-L.DDS.json",
      "size": 102,
      "date": 133351029380122504
    },
    {
      "path": "Effects/texture/LIGHTLanding.dds",
      "size": 1048704,
      "date": 133351029379783437
    },
    {
      "path": "Effects/texture/LIGHTLANDING.DDS.json",
      "size": 102,
      "date": 133351029379823298
    },
    {
      "path": "Effects/texture/LIGHTLED.dds",
      "size": 1048704,
      "date": 133351029380222393
    },
    {
      "path": "Effects/texture/LIGHTLED.DDS.json",
      "size": 119,
      "date": 133351029380272126
    },
    {
      "path": "Effects/texture/LIGHTLED2.dds",
      "size": 65664,
      "date": 133351029380341934
    },
    {
      "path": "Effects/texture/LIGHTLED2.DDS.json",
      "size": 119,
      "date": 133351029380391852
    },
    {
      "path": "Effects/texture/LIGHTold.dds",
      "size": 1048704,
      "date": 133351029380511470
    },
    {
      "path": "Effects/texture/LIGHTOLD.DDS.json",
      "size": 119,
      "date": 133351029380561353
    },
    {
      "path": "Effects/texture/LIGHTtaxy-belly.dds",
      "size": 1048704,
      "date": 133351029380800710
    },
    {
      "path": "Effects/texture/LIGHTTAXY-BELLY.DDS.json",
      "size": 102,
      "date": 133351029380850529
    },
    {
      "path": "Effects/texture/LIGHTtaxy-L.dds",
      "size": 1048704,
      "date": 133351029380940351
    },
    {
      "path": "Effects/texture/LIGHTTAXY-L.DDS.json",
      "size": 102,
      "date": 133351029380990182
    },
    {
      "path": "Effects/texture/LIGHTtaxy.dds",
      "size": 1048704,
      "date": 133351029380651091
    },
    {
      "path": "Effects/texture/LIGHTTAXY.DDS.json",
      "size": 102,
      "date": 133351029380700953
    },
    {
      "path": "Effects/texture/LIGHTWing.dds",
      "size": 1048704,
      "date": 133351029381089918
    },
    {
      "path": "Effects/texture/LIGHTWING.DDS.json",
      "size": 119,
      "date": 133351029381139804
    },
    {
      "path": "Effects/texture/TX-((.dds",
      "size": 1048704,
      "date": 133351029381229548
    },
    {
      "path": "Effects/texture/TX-((.DDS.json",
      "size": 102,
      "date": 133351029381279402
    },
    {
      "path": "SimObjects/Airplanes/PSX.NET.MSFS.WASM/ai.cfg",
      "size": 932,
      "date": 133356410680000000
    },
    {
      "path": "SimObjects/Airplanes/PSX.NET.MSFS.WASM/aircraft.cfg",
      "size": 13745,
      "date": 133356410680000000
    },
    {
      "path": "SimObjects/Airplanes/PSX.NET.MSFS.WASM/Approach.flt",
      "size": 2634,
      "date": 133356410680000000
    },
    {
      "path": "SimObjects/Airplanes/PSX.NET.MSFS.WASM/apron.FLT",
      "size": 2718,
      "date": 133356410680000000
    },
    {
      "path": "SimObjects/Airplanes/PSX.NET.MSFS.WASM/cameras.cfg",
      "size": 5752,
      "date": 133356410680000000
    },
    {
      "path": "SimObjects/Airplanes/PSX.NET.MSFS.WASM/climb.FLT",
      "size": 2634,
      "date": 133356410680000000
    },
    {
      "path": "SimObjects/Airplanes/PSX.NET.MSFS.WASM/cockpit.cfg",
      "size": 5021,
      "date": 133356410680000000
    },
    {
      "path": "SimObjects/Airplanes/PSX.NET.MSFS.WASM/Cruise.flt",
      "size": 2646,
      "date": 133356410680000000
    },
    {
      "path": "SimObjects/Airplanes/PSX.NET.MSFS.WASM/engines.cfg",
      "size": 10663,
      "date": 133356410680000000
    },
    {
      "path": "SimObjects/Airplanes/PSX.NET.MSFS.WASM/final.FLT",
      "size": 2634,
      "date": 133356410680000000
    },
    {
      "path": "SimObjects/Airplanes/PSX.NET.MSFS.WASM/flight_model.cfg",
      "size": 23361,
      "date": 133356410680000000
    },
    {
      "path": "SimObjects/Airplanes/PSX.NET.MSFS.WASM/gameplay.cfg",
      "size": 1806,
      "date": 133356410680000000
    },
    {
      "path": "SimObjects/Airplanes/PSX.NET.MSFS.WASM/hangar.flt",
      "size": 2579,
      "date": 133356410680000000
    },
    {
      "path": "SimObjects/Airplanes/PSX.NET.MSFS.WASM/runway.FLT",
      "size": 2730,
      "date": 133356410680000000
    },
    {
      "path": "SimObjects/Airplanes/PSX.NET.MSFS.WASM/systems.cfg",
      "size": 13895,
      "date": 133356410680000000
    },
    {
      "path": "SimObjects/Airplanes/PSX.NET.MSFS.WASM/target_performance.cfg",
      "size": 2300,
      "date": 133356410680000000
    },
    {
      "path": "SimObjects/Airplanes/PSX.NET.MSFS.WASM/taxi.FLT",
      "size": 2718,
      "date": 133356410680000000
    },
    {
      "path": "SimObjects/Airplanes/PSX.NET.MSFS.WASM/model/FAIB_B7474_RR.bin",
      "size": 11761110,
      "date": 133356410700000000
    },
    {
      "path": "SimObjects/Airplanes/PSX.NET.MSFS.WASM/model/FAIB_B7474_RR.gltf",
      "size": 244453,
      "date": 133356410700000000
    },
    {
      "path": "SimObjects/Airplanes/PSX.NET.MSFS.WASM/model/FAIB_B7474_RR.xml",
      "size": 5544,
      "date": 133356410700000000
    },
    {
      "path": "SimObjects/Airplanes/PSX.NET.MSFS.WASM/model/model.CFG",
      "size": 34,
      "date": 133356410700000000
    },
    {
      "path": "SimObjects/Airplanes/PSX.NET.MSFS.WASM/model.FGE/FAIB_B7474F_GE.bin",
      "size": 11793642,
      "date": 133356410680000000
    },
    {
      "path": "SimObjects/Airplanes/PSX.NET.MSFS.WASM/model.FGE/FAIB_B7474F_GE.gltf",
      "size": 246168,
      "date": 133356410680000000
    },
    {
      "path": "SimObjects/Airplanes/PSX.NET.MSFS.WASM/model.FGE/FAIB_B7474F_GE.xml",
      "size": 5545,
      "date": 133356410680000000
    },
    {
      "path": "SimObjects/Airplanes/PSX.NET.MSFS.WASM/model.FGE/model.CFG",
      "size": 35,
      "date": 133356410680000000
    },
    {
      "path": "SimObjects/Airplanes/PSX.NET.MSFS.WASM/model.FPW/FAIB_B7474F_PW.bin",
      "size": 11789994,
      "date": 133356410680000000
    },
    {
      "path": "SimObjects/Airplanes/PSX.NET.MSFS.WASM/model.FPW/FAIB_B7474F_PW.gltf",
      "size": 244674,
      "date": 133356410680000000
    },
    {
      "path": "SimObjects/Airplanes/PSX.NET.MSFS.WASM/model.FPW/FAIB_B7474F_PW.xml",
      "size": 5545,
      "date": 133356410680000000
    },
    {
      "path": "SimObjects/Airplanes/PSX.NET.MSFS.WASM/model.FPW/model.CFG",
      "size": 35,
      "date": 133356410680000000
    },
    {
      "path": "SimObjects/Airplanes/PSX.NET.MSFS.WASM/model.FRR/FAIB_B7474F_RR.bin",
      "size": 11759190,
      "date": 133356410680000000
    },
    {
      "path": "SimObjects/Airplanes/PSX.NET.MSFS.WASM/model.FRR/FAIB_B7474F_RR.gltf",
      "size": 246766,
      "date": 133356410680000000
    },
    {
      "path": "SimObjects/Airplanes/PSX.NET.MSFS.WASM/model.FRR/FAIB_B7474F_RR.xml",
      "size": 5545,
      "date": 133356410680000000
    },
    {
      "path": "SimObjects/Airplanes/PSX.NET.MSFS.WASM/model.FRR/model.CFG",
      "size": 35,
      "date": 133356410680000000
    },
    {
      "path": "SimObjects/Airplanes/PSX.NET.MSFS.WASM/model.GE/FAIB_B7474_GE.bin",
      "size": 11795706,
      "date": 133356410680000000
    },
    {
      "path": "SimObjects/Airplanes/PSX.NET.MSFS.WASM/model.GE/FAIB_B7474_GE.gltf",
      "size": 246952,
      "date": 133356410680000000
    },
    {
      "path": "SimObjects/Airplanes/PSX.NET.MSFS.WASM/model.GE/FAIB_B7474_GE.xml",
      "size": 5544,
      "date": 133356410680000000
    },
    {
      "path": "SimObjects/Airplanes/PSX.NET.MSFS.WASM/model.GE/model.CFG",
      "size": 34,
      "date": 133356410680000000
    },
    {
      "path": "SimObjects/Airplanes/PSX.NET.MSFS.WASM/model.PW/FAIB_B7474_PW.bin",
      "size": 11792058,
      "date": 133356410700000000
    },
    {
      "path": "SimObjects/Airplanes/PSX.NET.MSFS.WASM/model.PW/FAIB_B7474_PW.gltf",
      "size": 240389,
      "date": 133356410700000000
    },
    {
      "path": "SimObjects/Airplanes/PSX.NET.MSFS.WASM/model.PW/FAIB_B7474_PW.xml",
      "size": 5544,
      "date": 133356410700000000
    },
    {
      "path": "SimObjects/Airplanes/PSX.NET.MSFS.WASM/model.PW/model.CFG",
      "size": 34,
      "date": 133356410700000000
    },
    {
      "path": "SimObjects/Airplanes/PSX.NET.MSFS.WASM/model.RR/FAIB_B7474_RR.bin",
      "size": 11761110,
      "date": 133356410700000000
    },
    {
      "path": "SimObjects/Airplanes/PSX.NET.MSFS.WASM/model.RR/FAIB_B7474_RR.gltf",
      "size": 244501,
      "date": 133356410700000000
    },
    {
      "path": "SimObjects/Airplanes/PSX.NET.MSFS.WASM/model.RR/FAIB_B7474_RR.xml",
      "size": 5544,
      "date": 133356410700000000
    },
    {
      "path": "SimObjects/Airplanes/PSX.NET.MSFS.WASM/model.RR/model.CFG",
      "size": 34,
      "date": 133356410700000000
    },
    {
      "path": "SimObjects/Airplanes/PSX.NET.MSFS.WASM/panel/panel.cfg",
      "size": 435,
      "date": 133351028632527380
    },
    {
      "path": "SimObjects/Airplanes/PSX.NET.MSFS.WASM/panel/PSX.NET.MSFS.WASM.SimObjects.wasm",
      "size": 1111229,
      "date": 133356425240000000
    },
    {
      "path": "SimObjects/Airplanes/PSX.NET.MSFS.WASM/panel/PSX.NET.MSFS.WASM.UserObject.wasm",
      "size": 1009499,
      "date": 133356425180000000
    },
    {
      "path": "SimObjects/Airplanes/PSX.NET.MSFS.WASM/sound/.gitignore",
      "size": 68,
      "date": 133356410700000000
    },
    {
      "path": "SimObjects/Airplanes/PSX.NET.MSFS.WASM/sound/sound.xml",
      "size": 11246,
      "date": 133356410700000000
    },
    {
      "path": "SimObjects/Airplanes/PSX.NET.MSFS.WASM/soundAI/.gitignore",
      "size": 68,
      "date": 133356410700000000
    },
    {
      "path": "SimObjects/Airplanes/PSX.NET.MSFS.WASM/soundAI/MaVeCreations_B747_AI.PC.pck",
      "size": 1617284,
      "date": 133356410700000000
    },
    {
      "path": "SimObjects/Airplanes/PSX.NET.MSFS.WASM/soundAI/soundai.xml",
      "size": 4182,
      "date": 133356410700000000
    },
    {
      "path": "SimObjects/Airplanes/PSX.NET.MSFS.WASM/texture/FAIB_B7474F_GE_L.DDS.DDS",
      "size": 16777344,
      "date": 133356410720000000
    },
    {
      "path": "SimObjects/Airplanes/PSX.NET.MSFS.WASM/texture/FAIB_B7474F_GE_L.DDS.DDS.json",
      "size": 102,
      "date": 133356410720000000
    },
    {
      "path": "SimObjects/Airplanes/PSX.NET.MSFS.WASM/texture/FAIB_B7474F_GE_M.PNG.DDS.DDS",
      "size": 22369776,
      "date": 133356410720000000
    },
    {
      "path": "SimObjects/Airplanes/PSX.NET.MSFS.WASM/texture/FAIB_B7474F_GE_M.PNG.DDS.DDS.json",
      "size": 166,
      "date": 133356410720000000
    },
    {
      "path": "SimObjects/Airplanes/PSX.NET.MSFS.WASM/texture/FAIB_B7474F_GE_T.DDS.DDS",
      "size": 16777344,
      "date": 133356410720000000
    },
    {
      "path": "SimObjects/Airplanes/PSX.NET.MSFS.WASM/texture/FAIB_B7474F_GE_T.DDS.DDS.json",
      "size": 102,
      "date": 133356410720000000
    },
    {
      "path": "SimObjects/Airplanes/PSX.NET.MSFS.WASM/texture/FAIB_B7474F_PW_L.DDS.DDS",
      "size": 16777344,
      "date": 133356410720000000
    },
    {
      "path": "SimObjects/Airplanes/PSX.NET.MSFS.WASM/texture/FAIB_B7474F_PW_L.DDS.DDS.json",
      "size": 102,
      "date": 133356410720000000
    },
    {
      "path": "SimObjects/Airplanes/PSX.NET.MSFS.WASM/texture/FAIB_B7474F_PW_M.PNG.DDS.DDS",
      "size": 22369776,
      "date": 133356410720000000
    },
    {
      "path": "SimObjects/Airplanes/PSX.NET.MSFS.WASM/texture/FAIB_B7474F_PW_M.PNG.DDS.DDS.json",
      "size": 166,
      "date": 133356410720000000
    },
    {
      "path": "SimObjects/Airplanes/PSX.NET.MSFS.WASM/texture/FAIB_B7474F_PW_T.DDS.DDS",
      "size": 16777344,
      "date": 133356410720000000
    },
    {
      "path": "SimObjects/Airplanes/PSX.NET.MSFS.WASM/texture/FAIB_B7474F_PW_T.DDS.DDS.json",
      "size": 102,
      "date": 133356410720000000
    },
    {
      "path": "SimObjects/Airplanes/PSX.NET.MSFS.WASM/texture/FAIB_B7474F_RR_L.DDS.DDS",
      "size": 16777344,
      "date": 133356410720000000
    },
    {
      "path": "SimObjects/Airplanes/PSX.NET.MSFS.WASM/texture/FAIB_B7474F_RR_L.DDS.DDS.json",
      "size": 102,
      "date": 133356410720000000
    },
    {
      "path": "SimObjects/Airplanes/PSX.NET.MSFS.WASM/texture/FAIB_B7474F_RR_M.PNG.DDS.DDS",
      "size": 22369776,
      "date": 133356410720000000
    },
    {
      "path": "SimObjects/Airplanes/PSX.NET.MSFS.WASM/texture/FAIB_B7474F_RR_M.PNG.DDS.DDS.json",
      "size": 166,
      "date": 133356410720000000
    },
    {
      "path": "SimObjects/Airplanes/PSX.NET.MSFS.WASM/texture/FAIB_B7474F_RR_T.DDS.DDS",
      "size": 16777344,
      "date": 133356410720000000
    },
    {
      "path": "SimObjects/Airplanes/PSX.NET.MSFS.WASM/texture/FAIB_B7474F_RR_T.DDS.DDS.json",
      "size": 102,
      "date": 133356410720000000
    },
    {
      "path": "SimObjects/Airplanes/PSX.NET.MSFS.WASM/texture/FAIB_B7474_GE_L.DDS.DDS",
      "size": 16777344,
      "date": 133356410720000000
    },
    {
      "path": "SimObjects/Airplanes/PSX.NET.MSFS.WASM/texture/FAIB_B7474_GE_L.DDS.DDS.json",
      "size": 102,
      "date": 133356410720000000
    },
    {
      "path": "SimObjects/Airplanes/PSX.NET.MSFS.WASM/texture/FAIB_B7474_GE_M.PNG.DDS.DDS",
      "size": 22369776,
      "date": 133356410720000000
    },
    {
      "path": "SimObjects/Airplanes/PSX.NET.MSFS.WASM/texture/FAIB_B7474_GE_M.PNG.DDS.DDS.json",
      "size": 166,
      "date": 133356410720000000
    },
    {
      "path": "SimObjects/Airplanes/PSX.NET.MSFS.WASM/texture/FAIB_B7474_GE_T.DDS.DDS",
      "size": 16777344,
      "date": 133356410720000000
    },
    {
      "path": "SimObjects/Airplanes/PSX.NET.MSFS.WASM/texture/FAIB_B7474_GE_T.DDS.DDS.json",
      "size": 102,
      "date": 133356410720000000
    },
    {
      "path": "SimObjects/Airplanes/PSX.NET.MSFS.WASM/texture/FAIB_B7474_PW_L.DDS.DDS",
      "size": 16777344,
      "date": 133356410720000000
    },
    {
      "path": "SimObjects/Airplanes/PSX.NET.MSFS.WASM/texture/FAIB_B7474_PW_L.DDS.DDS.json",
      "size": 102,
      "date": 133356410720000000
    },
    {
      "path": "SimObjects/Airplanes/PSX.NET.MSFS.WASM/texture/FAIB_B7474_PW_M.PNG.DDS.DDS",
      "size": 22369776,
      "date": 133356410720000000
    },
    {
      "path": "SimObjects/Airplanes/PSX.NET.MSFS.WASM/texture/FAIB_B7474_PW_M.PNG.DDS.DDS.json",
      "size": 166,
      "date": 133356410720000000
    },
    {
      "path": "SimObjects/Airplanes/PSX.NET.MSFS.WASM/texture/FAIB_B7474_PW_T.DDS.DDS",
      "size": 16777344,
      "date": 133356410720000000
    },
    {
      "path": "SimObjects/Airplanes/PSX.NET.MSFS.WASM/texture/FAIB_B7474_PW_T.DDS.DDS.json",
      "size": 102,
      "date": 133356410720000000
    },
    {
      "path": "SimObjects/Airplanes/PSX.NET.MSFS.WASM/texture/FAIB_B7474_RR_L.DDS.DDS",
      "size": 16777344,
      "date": 133356410720000000
    },
    {
      "path": "SimObjects/Airplanes/PSX.NET.MSFS.WASM/texture/FAIB_B7474_RR_L.DDS.DDS.json",
      "size": 102,
      "date": 133356410720000000
    },
    {
      "path": "SimObjects/Airplanes/PSX.NET.MSFS.WASM/texture/FAIB_B7474_RR_T.DDS.DDS",
      "size": 16777344,
      "date": 133356410720000000
    },
    {
      "path": "SimObjects/Airplanes/PSX.NET.MSFS.WASM/texture/FAIB_B7474_RR_T.DDS.DDS.json",
      "size": 102,
      "date": 133356410720000000
    },
    {
      "path": "SimObjects/Airplanes/PSX.NET.MSFS.WASM/texture/thumbnail.JPG",
      "size": 211227,
      "date": 133356410720000000
    },
    {
      "path": "SimObjects/Airplanes/PSX.NET.MSFS.WASM/texture/thumbnail_small.JPG",
      "size": 13030,
      "date": 133356410720000000
    },
    {
      "path": "SimObjects/Airplanes/PSX.NET.MSFS.WASM/texture.9VSFP/FAIB_B7474F_PW_T.DDS.DDS",
      "size": 16777344,
      "date": 133356410700000000
    },
    {
      "path": "SimObjects/Airplanes/PSX.NET.MSFS.WASM/texture.9VSFP/FAIB_B7474F_PW_T.DDS.DDS.json",
      "size": 102,
      "date": 133356410700000000
    },
    {
      "path": "SimObjects/Airplanes/PSX.NET.MSFS.WASM/texture.9VSFP/texture.CFG",
      "size": 65,
      "date": 133356410700000000
    },
    {
      "path": "SimObjects/Airplanes/PSX.NET.MSFS.WASM/texture.9VSFP/thumbnail.JPG",
      "size": 269768,
      "date": 133356410700000000
    },
    {
      "path": "SimObjects/Airplanes/PSX.NET.MSFS.WASM/texture.9VSFP/thumbnail_small.JPG",
      "size": 32539,
      "date": 133356410700000000
    },
    {
      "path": "SimObjects/Airplanes/PSX.NET.MSFS.WASM/texture.BAW_LL/FAIB_B7474_RR_L.DDS.DDS",
      "size": 16777344,
      "date": 133356410700000000
    },
    {
      "path": "SimObjects/Airplanes/PSX.NET.MSFS.WASM/texture.BAW_LL/FAIB_B7474_RR_L.DDS.DDS.json",
      "size": 102,
      "date": 133356410700000000
    },
    {
      "path": "SimObjects/Airplanes/PSX.NET.MSFS.WASM/texture.BAW_LL/FAIB_B7474_RR_T.DDS.DDS",
      "size": 16777344,
      "date": 133356410700000000
    },
    {
      "path": "SimObjects/Airplanes/PSX.NET.MSFS.WASM/texture.BAW_LL/FAIB_B7474_RR_T.DDS.DDS.json",
      "size": 102,
      "date": 133356410700000000
    },
    {
      "path": "SimObjects/Airplanes/PSX.NET.MSFS.WASM/texture.BAW_LL/texture.CFG",
      "size": 31,
      "date": 133356410700000000
    },
    {
      "path": "SimObjects/Airplanes/PSX.NET.MSFS.WASM/texture.BAW_LL/thumbnail.JPG",
      "size": 279922,
      "date": 133356410700000000
    },
    {
      "path": "SimObjects/Airplanes/PSX.NET.MSFS.WASM/texture.BAW_LL/thumbnail_small.JPG",
      "size": 40168,
      "date": 133356410700000000
    },
    {
      "path": "SimObjects/Airplanes/PSX.NET.MSFS.WASM/texture.DABTK/FAIB_B7474_GE_T.DDS.DDS",
      "size": 16777344,
      "date": 133356410700000000
    },
    {
      "path": "SimObjects/Airplanes/PSX.NET.MSFS.WASM/texture.DABTK/FAIB_B7474_GE_T.DDS.DDS.json",
      "size": 102,
      "date": 133356410700000000
    },
    {
      "path": "SimObjects/Airplanes/PSX.NET.MSFS.WASM/texture.DABTK/texture.CFG",
      "size": 65,
      "date": 133356410700000000
    },
    {
      "path": "SimObjects/Airplanes/PSX.NET.MSFS.WASM/texture.DABTK/thumbnail.JPG",
      "size": 273917,
      "date": 133356410700000000
    },
    {
      "path": "SimObjects/Airplanes/PSX.NET.MSFS.WASM/texture.DABTK/thumbnail_small.JPG",
      "size": 30542,
      "date": 133356410700000000
    },
    {
      "path": "SimObjects/Airplanes/PSX.NET.MSFS.WASM/texture.GBYGC/FAIB_B7474_RR_T.DDS.DDS",
      "size": 16777344,
      "date": 133356410700000000
    },
    {
      "path": "SimObjects/Airplanes/PSX.NET.MSFS.WASM/texture.GBYGC/FAIB_B7474_RR_T.DDS.DDS.json",
      "size": 102,
      "date": 133356410700000000
    },
    {
      "path": "SimObjects/Airplanes/PSX.NET.MSFS.WASM/texture.GBYGC/texture.CFG",
      "size": 65,
      "date": 133356410700000000
    },
    {
      "path": "SimObjects/Airplanes/PSX.NET.MSFS.WASM/texture.GBYGC/thumbnail.JPG",
      "size": 208630,
      "date": 133356410700000000
    },
    {
      "path": "SimObjects/Airplanes/PSX.NET.MSFS.WASM/texture.GBYGC/thumbnail_small.JPG",
      "size": 25674,
      "date": 133356410700000000
    },
    {
      "path": "SimObjects/Airplanes/PSX.NET.MSFS.WASM/texture.GCIVB/FAIB_B7474_RR_T.DDS.DDS",
      "size": 16777344,
      "date": 133356410700000000
    },
    {
      "path": "SimObjects/Airplanes/PSX.NET.MSFS.WASM/texture.GCIVB/FAIB_B7474_RR_T.DDS.DDS.json",
      "size": 102,
      "date": 133356410700000000
    },
    {
      "path": "SimObjects/Airplanes/PSX.NET.MSFS.WASM/texture.GCIVB/texture.CFG",
      "size": 65,
      "date": 133356410700000000
    },
    {
      "path": "SimObjects/Airplanes/PSX.NET.MSFS.WASM/texture.GCIVB/thumbnail.JPG",
      "size": 228369,
      "date": 133356410700000000
    },
    {
      "path": "SimObjects/Airplanes/PSX.NET.MSFS.WASM/texture.GCIVB/thumbnail_small.JPG",
      "size": 27967,
      "date": 133356410700000000
    },
    {
      "path": "SimObjects/Airplanes/PSX.NET.MSFS.WASM/texture.JA8076/FAIB_B7474_GE_T.DDS.DDS",
      "size": 16777344,
      "date": 133356410700000000
    },
    {
      "path": "SimObjects/Airplanes/PSX.NET.MSFS.WASM/texture.JA8076/FAIB_B7474_GE_T.DDS.DDS.json",
      "size": 102,
      "date": 133356410700000000
    },
    {
      "path": "SimObjects/Airplanes/PSX.NET.MSFS.WASM/texture.JA8076/texture.CFG",
      "size": 65,
      "date": 133356410700000000
    },
    {
      "path": "SimObjects/Airplanes/PSX.NET.MSFS.WASM/texture.JA8076/thumbnail.JPG",
      "size": 325657,
      "date": 133356410700000000
    },
    {
      "path": "SimObjects/Airplanes/PSX.NET.MSFS.WASM/texture.JA8076/thumbnail_small.JPG",
      "size": 33591,
      "date": 133356410700000000
    },
    {
      "path": "SimObjects/Airplanes/PSX.NET.MSFS.WASM/texture.LXVCV/FAIB_B7474F_RR_T.DDS.DDS",
      "size": 16777344,
      "date": 133356410700000000
    },
    {
      "path": "SimObjects/Airplanes/PSX.NET.MSFS.WASM/texture.LXVCV/FAIB_B7474F_RR_T.DDS.DDS.json",
      "size": 102,
      "date": 133356410700000000
    },
    {
      "path": "SimObjects/Airplanes/PSX.NET.MSFS.WASM/texture.LXVCV/texture.CFG",
      "size": 65,
      "date": 133356410700000000
    },
    {
      "path": "SimObjects/Airplanes/PSX.NET.MSFS.WASM/texture.LXVCV/thumbnail.JPG",
      "size": 253512,
      "date": 133356410700000000
    },
    {
      "path": "SimObjects/Airplanes/PSX.NET.MSFS.WASM/texture.LXVCV/thumbnail_small.JPG",
      "size": 28356,
      "date": 133356410700000000
    },
    {
      "path": "SimObjects/Airplanes/PSX.NET.MSFS.WASM/texture.N499MC/FAIB_B7474F_GE_T.DDS.DDS",
      "size": 16777344,
      "date": 133356410700000000
    },
    {
      "path": "SimObjects/Airplanes/PSX.NET.MSFS.WASM/texture.N499MC/FAIB_B7474F_GE_T.DDS.DDS.json",
      "size": 102,
      "date": 133356410700000000
    },
    {
      "path": "SimObjects/Airplanes/PSX.NET.MSFS.WASM/texture.N499MC/texture.CFG",
      "size": 65,
      "date": 133356410700000000
    },
    {
      "path": "SimObjects/Airplanes/PSX.NET.MSFS.WASM/texture.N499MC/thumbnail.JPG",
      "size": 446141,
      "date": 133356410700000000
    },
    {
      "path": "SimObjects/Airplanes/PSX.NET.MSFS.WASM/texture.N499MC/thumbnail_small.JPG",
      "size": 39691,
      "date": 133356410700000000
    },
    {
      "path": "SimObjects/Airplanes/PSX.NET.MSFS.WASM/texture.N572UP/FAIB_B7474F_GE_T.DDS.DDS",
      "size": 4194432,
      "date": 133356410700000000
    },
    {
      "path": "SimObjects/Airplanes/PSX.NET.MSFS.WASM/texture.N572UP/FAIB_B7474F_GE_T.DDS.DDS.json",
      "size": 102,
      "date": 133356410700000000
    },
    {
      "path": "SimObjects/Airplanes/PSX.NET.MSFS.WASM/texture.N572UP/texture.CFG",
      "size": 65,
      "date": 133356410700000000
    },
    {
      "path": "SimObjects/Airplanes/PSX.NET.MSFS.WASM/texture.N572UP/thumbnail.JPG",
      "size": 342214,
      "date": 133356410700000000
    },
    {
      "path": "SimObjects/Airplanes/PSX.NET.MSFS.WASM/texture.N572UP/thumbnail_small.JPG",
      "size": 27780,
      "date": 133356410700000000
    },
    {
      "path": "SimObjects/Airplanes/PSX.NET.MSFS.WASM/texture.N573UP/FAIB_B7474F_GE_T.DDS.DDS",
      "size": 4194432,
      "date": 133356410700000000
    },
    {
      "path": "SimObjects/Airplanes/PSX.NET.MSFS.WASM/texture.N573UP/FAIB_B7474F_GE_T.DDS.DDS.json",
      "size": 102,
      "date": 133356410700000000
    },
    {
      "path": "SimObjects/Airplanes/PSX.NET.MSFS.WASM/texture.N573UP/texture.CFG",
      "size": 65,
      "date": 133356410700000000
    },
    {
      "path": "SimObjects/Airplanes/PSX.NET.MSFS.WASM/texture.N573UP/thumbnail.JPG",
      "size": 343271,
      "date": 133356410700000000
    },
    {
      "path": "SimObjects/Airplanes/PSX.NET.MSFS.WASM/texture.N573UP/thumbnail_small.JPG",
      "size": 27637,
      "date": 133356410700000000
    },
    {
      "path": "SimObjects/Airplanes/PSX.NET.MSFS.WASM/texture.N574UP/FAIB_B7474F_GE_T.DDS.DDS",
      "size": 16777344,
      "date": 133356410700000000
    },
    {
      "path": "SimObjects/Airplanes/PSX.NET.MSFS.WASM/texture.N574UP/FAIB_B7474F_GE_T.DDS.DDS.json",
      "size": 102,
      "date": 133356410700000000
    },
    {
      "path": "SimObjects/Airplanes/PSX.NET.MSFS.WASM/texture.N574UP/texture.CFG",
      "size": 65,
      "date": 133356410700000000
    },
    {
      "path": "SimObjects/Airplanes/PSX.NET.MSFS.WASM/texture.N574UP/thumbnail.JPG",
      "size": 339566,
      "date": 133356410700000000
    },
    {
      "path": "SimObjects/Airplanes/PSX.NET.MSFS.WASM/texture.N574UP/thumbnail_small.JPG",
      "size": 27704,
      "date": 133356410700000000
    },
    {
      "path": "SimObjects/Airplanes/PSX.NET.MSFS.WASM/texture.PHCKA/FAIB_B7474F_GE_T.DDS.DDS",
      "size": 16777344,
      "date": 133356410700000000
    },
    {
      "path": "SimObjects/Airplanes/PSX.NET.MSFS.WASM/texture.PHCKA/FAIB_B7474F_GE_T.DDS.DDS.json",
      "size": 102,
      "date": 133356410700000000
    },
    {
      "path": "SimObjects/Airplanes/PSX.NET.MSFS.WASM/texture.PHCKA/texture.CFG",
      "size": 65,
      "date": 133356410700000000
    },
    {
      "path": "SimObjects/Airplanes/PSX.NET.MSFS.WASM/texture.PHCKA/thumbnail.JPG",
      "size": 268494,
      "date": 133356410700000000
    },
    {
      "path": "SimObjects/Airplanes/PSX.NET.MSFS.WASM/texture.PHCKA/thumbnail_small.JPG",
      "size": 32446,
      "date": 133356410700000000
    },
    {
      "path": "SimObjects/Airplanes/PSX.NET.MSFS.WASM/texture.PHCKB/FAIB_B7474F_GE_T.DDS.DDS",
      "size": 16777344,
      "date": 133356410700000000
    },
    {
      "path": "SimObjects/Airplanes/PSX.NET.MSFS.WASM/texture.PHCKB/FAIB_B7474F_GE_T.DDS.DDS.json",
      "size": 102,
      "date": 133356410700000000
    },
    {
      "path": "SimObjects/Airplanes/PSX.NET.MSFS.WASM/texture.PHCKB/texture.CFG",
      "size": 65,
      "date": 133356410700000000
    },
    {
      "path": "SimObjects/Airplanes/PSX.NET.MSFS.WASM/texture.PHCKB/thumbnail.JPG",
      "size": 268419,
      "date": 133356410700000000
    },
    {
      "path": "SimObjects/Airplanes/PSX.NET.MSFS.WASM/texture.PHCKB/thumbnail_small.JPG",
      "size": 32393,
      "date": 133356410700000000
    },
    {
      "path": "SimObjects/Airplanes/PSX.NET.MSFS.WASM/texture.PHCKC/FAIB_B7474F_GE_T.DDS.DDS",
      "size": 16777344,
      "date": 133356410700000000
    },
    {
      "path": "SimObjects/Airplanes/PSX.NET.MSFS.WASM/texture.PHCKC/FAIB_B7474F_GE_T.DDS.DDS.json",
      "size": 102,
      "date": 133356410700000000
    },
    {
      "path": "SimObjects/Airplanes/PSX.NET.MSFS.WASM/texture.PHCKC/texture.CFG",
      "size": 65,
      "date": 133356410700000000
    },
    {
      "path": "SimObjects/Airplanes/PSX.NET.MSFS.WASM/texture.PHCKC/thumbnail.JPG",
      "size": 268884,
      "date": 133356410700000000
    },
    {
      "path": "SimObjects/Airplanes/PSX.NET.MSFS.WASM/texture.PHCKC/thumbnail_small.JPG",
      "size": 32553,
      "date": 133356410700000000
    },
    {
      "path": "SimObjects/Airplanes/PSX.NET.MSFS.WASM/texture.Qantas GE OC/FAIB_B7474_GE_T.DDS.DDS",
      "size": 16777344,
      "date": 133356410700000000
    },
    {
      "path": "SimObjects/Airplanes/PSX.NET.MSFS.WASM/texture.Qantas GE OC/FAIB_B7474_GE_T.DDS.DDS.json",
      "size": 102,
      "date": 133356410700000000
    },
    {
      "path": "SimObjects/Airplanes/PSX.NET.MSFS.WASM/texture.Qantas GE OC/texture.CFG",
      "size": 31,
      "date": 133356410700000000
    },
    {
      "path": "SimObjects/Airplanes/PSX.NET.MSFS.WASM/texture.Qantas GE OC/thumbnail.JPG",
      "size": 300566,
      "date": 133356410700000000
    },
    {
      "path": "SimObjects/Airplanes/PSX.NET.MSFS.WASM/texture.Qantas GE OC/thumbnail_small.JPG",
      "size": 36269,
      "date": 133356410700000000
    },
    {
      "path": "SimObjects/Airplanes/PSX.NET.MSFS.WASM/texture.Qantas OC/FAIB_B7474_RR_T.DDS.DDS",
      "size": 16777344,
      "date": 133356410700000000
    },
    {
      "path": "SimObjects/Airplanes/PSX.NET.MSFS.WASM/texture.Qantas OC/FAIB_B7474_RR_T.DDS.DDS.json",
      "size": 102,
      "date": 133356410700000000
    },
    {
      "path": "SimObjects/Airplanes/PSX.NET.MSFS.WASM/texture.Qantas OC/texture.CFG",
      "size": 31,
      "date": 133356410700000000
    },
    {
      "path": "SimObjects/Airplanes/PSX.NET.MSFS.WASM/texture.Qantas OC/thumbnail.JPG",
      "size": 296308,
      "date": 133356410700000000
    },
    {
      "path": "SimObjects/Airplanes/PSX.NET.MSFS.WASM/texture.Qantas OC/thumbnail_small.JPG",
      "size": 36050,
      "date": 133356410700000000
    },
    {
      "path": "SimObjects/Airplanes/PSX.NET.MSFS.WASM/texture.Qantas OC ER/FAIB_B7474_GE_T.DDS.DDS",
      "size": 16777344,
      "date": 133356410700000000
    },
    {
      "path": "SimObjects/Airplanes/PSX.NET.MSFS.WASM/texture.Qantas OC ER/FAIB_B7474_GE_T.DDS.DDS.json",
      "size": 102,
      "date": 133356410700000000
    },
    {
      "path": "SimObjects/Airplanes/PSX.NET.MSFS.WASM/texture.Qantas OC ER/texture.CFG",
      "size": 31,
      "date": 133356410700000000
    },
    {
      "path": "SimObjects/Airplanes/PSX.NET.MSFS.WASM/texture.Qantas OC ER/thumbnail.JPG",
      "size": 296016,
      "date": 133356410700000000
    },
    {
      "path": "SimObjects/Airplanes/PSX.NET.MSFS.WASM/texture.Qantas OC ER/thumbnail_small.JPG",
      "size": 36218,
      "date": 133356410700000000
    },
    {
      "path": "SimObjects/Airplanes/PSX.NET.MSFS.WASM/texture.Qantas VH-OEF Oneworld/FAIB_B7474_GE_T.DDS.DDS",
      "size": 16777344,
      "date": 133356410700000000
    },
    {
      "path": "SimObjects/Airplanes/PSX.NET.MSFS.WASM/texture.Qantas VH-OEF Oneworld/FAIB_B7474_GE_T.DDS.DDS.json",
      "size": 102,
      "date": 133356410700000000
    },
    {
      "path": "SimObjects/Airplanes/PSX.NET.MSFS.WASM/texture.Qantas VH-OEF Oneworld/texture.CFG",
      "size": 31,
      "date": 133356410700000000
    },
    {
      "path": "SimObjects/Airplanes/PSX.NET.MSFS.WASM/texture.Qantas VH-OEF Oneworld/thumbnail.JPG",
      "size": 295375,
      "date": 133356410700000000
    },
    {
      "path": "SimObjects/Airplanes/PSX.NET.MSFS.WASM/texture.Qantas VH-OEF Oneworld/thumbnail_small.JPG",
      "size": 36101,
      "date": 133356410700000000
    },
    {
      "path": "SimObjects/Airplanes/PSX.NET.MSFS.WASM/texture.Qantas VH-OEJ Socceroos/FAIB_B7474_GE_T.DDS.DDS",
      "size": 16777344,
      "date": 133356410720000000
    },
    {
      "path": "SimObjects/Airplanes/PSX.NET.MSFS.WASM/texture.Qantas VH-OEJ Socceroos/FAIB_B7474_GE_T.DDS.DDS.json",
      "size": 102,
      "date": 133356410720000000
    },
    {
      "path": "SimObjects/Airplanes/PSX.NET.MSFS.WASM/texture.Qantas VH-OEJ Socceroos/texture.CFG",
      "size": 31,
      "date": 133356410720000000
    },
    {
      "path": "SimObjects/Airplanes/PSX.NET.MSFS.WASM/texture.Qantas VH-OEJ Socceroos/thumbnail.JPG",
      "size": 297377,
      "date": 133356410720000000
    },
    {
      "path": "SimObjects/Airplanes/PSX.NET.MSFS.WASM/texture.Qantas VH-OEJ Socceroos/thumbnail_small.JPG",
      "size": 36146,
      "date": 133356410720000000
    },
    {
      "path": "SimObjects/Airplanes/PSX.NET.MSFS.WASM/texture.TFAAK/FAIB_B7474_GE_T.DDS.DDS",
      "size": 4194432,
      "date": 133356410720000000
    },
    {
      "path": "SimObjects/Airplanes/PSX.NET.MSFS.WASM/texture.TFAAK/FAIB_B7474_GE_T.DDS.DDS.json",
      "size": 102,
      "date": 133356410720000000
    },
    {
      "path": "SimObjects/Airplanes/PSX.NET.MSFS.WASM/texture.TFAAK/texture.CFG",
      "size": 65,
      "date": 133356410720000000
    },
    {
      "path": "SimObjects/Airplanes/PSX.NET.MSFS.WASM/texture.TFAAK/thumbnail.JPG",
      "size": 435000,
      "date": 133356410720000000
    },
    {
      "path": "SimObjects/Airplanes/PSX.NET.MSFS.WASM/texture.TFAAK/thumbnail_small.JPG",
      "size": 28497,
      "date": 133356410720000000
    }
  ]
}