<!-- -*- nxml-child-indent: 4; tab-width: 4; indent-tabs-mode: nil -*- -->

<!-- This is from the SimpleAircraft sample in the MSFS SDK. Presumably the top-level Licenses/LICENSE file in the SDK
      (which is a MIT license) overrides the below copyright blurb that doesn't give any rights to re-use and re-distribute? -->

<?xml version="1.0" encoding="utf-8" ?>
<!-- Copyright (c) Asobo Studio, All rights reserved. www.asobostudio.com -->

<SoundInfo Version="0.1">

	<WwisePackages>
		<MainPackage Name="MyCompany_Simple_Aircraft"/>
	</WwisePackages>
	
<!-- Acoustic Parameters #################################################################################### --> 
  
  <AcousticParameters>
      <Parameter Name="ReverberationPreset" ShareSetInside="rev_inside_generic_small"/>
      <Parameter Name="Insulation_ExitClosed" Value="-12"/>
      <Parameter Name="Insulation_ExitOpen" Value="0"/>
  </AcousticParameters>
  
<!-- AlwaysPlaySounds ========================================================================================== -->   

  <AlwaysPlaySounds>

    <Sound WwiseData="true" WwiseEvent="rattle_kinematic" >                                                                  
      <WwiseRTPC SimVar="ROTATION VELOCITY BODY X" Units="PERCENT" Index="0" RTPCName="SIMVAR_ROTATION_VELOCITY_BODY_X"/>
      <WwiseRTPC SimVar="ROTATION VELOCITY BODY Y" Units="PERCENT" Index="0" RTPCName="SIMVAR_ROTATION_VELOCITY_BODY_Y"/>
      <WwiseRTPC SimVar="ROTATION VELOCITY BODY Z" Units="PERCENT" Index="0" RTPCName="SIMVAR_ROTATION_VELOCITY_BODY_Z"/> 
    </Sound>    

  </AlwaysPlaySounds>

  <!-- TRIGGERS SOUNDS ========================================================================================== -->  
  
  <WindSounds>
    <Sound WwiseEvent="wind_sound" WwiseData="true" />    
  </WindSounds> 
  
  <GroundSounds>
    <Sound WwiseEvent="CENTER_TOUCHDOWN" FadeOutType="2" FadeOutTime="0.5" WwiseData="true" >
		<WwiseRTPC SimVar="WHEEL RPM" Units="RPM" Index="0" Derived="true" RTPCName="SIMVAR_WHEEL_RPM_DERIVED"/>
		<WwiseRTPC SimVar="VERTICAL SPEED" Units="FEET PER MINUTE" Derived="true" Index="0" RTPCName="SIMVAR_VERTICAL_SPEED_DERIVED" />
	</Sound> 
	<Sound WwiseEvent="LEFT_TOUCHDOWN" FadeOutType="2" FadeOutTime="0.5" WwiseData="true" >  
		<WwiseRTPC SimVar="WHEEL RPM" Units="RPM" Index="1" Derived="true" RTPCName="SIMVAR_WHEEL_RPM_DERIVED"/>
		<WwiseRTPC SimVar="VERTICAL SPEED" Units="FEET PER MINUTE" Derived="true" Index="0" RTPCName="SIMVAR_VERTICAL_SPEED_DERIVED" />
	</Sound>
    <Sound WwiseEvent="RIGHT_TOUCHDOWN" FadeOutType="2" FadeOutTime="0.5" WwiseData="true" >
		<WwiseRTPC SimVar="WHEEL RPM" Units="RPM" Index="2" Derived="true" RTPCName="SIMVAR_WHEEL_RPM_DERIVED"/>
		<WwiseRTPC SimVar="VERTICAL SPEED" Units="FEET PER MINUTE" Derived="true" Index="0" RTPCName="SIMVAR_VERTICAL_SPEED_DERIVED" />
	</Sound>
    <Sound WwiseEvent="GROUND_ROLL" FadeOutType="2" FadeOutTime="0.2" WwiseData="true" />
  </GroundSounds>  
  
  <MiscellaneousSounds>
    <Sound WwiseEvent="STALL_WARNING" WwiseData="true" FadeOutType="2" FadeOutTime="0.1"/>
  </MiscellaneousSounds>
  
  <EngineSoundPresets>
    <Sound WwiseEvent="Combustion" ConeHeading="180" FadeOutType="2" FadeOutTime="0.5" RPMMin="750" WwiseData="true" EngineIndex="1" >
		<WwiseRTPC SimVar="GENERAL ENG COMBUSTION SOUND PERCENT" Units="PERCENT OVER 100" RTPCReleaseType="Linear" RTPCReleaseTime="0.5" Index="1" RTPCName="SIMVAR_GENERAL_ENG_COMBUSTION_SOUND_PERCENT" />
	</Sound>
    <Sound WwiseEvent="Starter" FadeOutType="2" FadeOutTime="0.1" WwiseData="true" EngineIndex="1" >   
		<WwiseRTPC SimVar="GENERAL ENG COMBUSTION SOUND PERCENT" Units="PERCENT OVER 100" RTPCReleaseType="Linear" RTPCReleaseTime="0.5" Index="1" RTPCName="SIMVAR_GENERAL_ENG_COMBUSTION_SOUND_PERCENT" />
	</Sound>
	<Sound WwiseEvent="CombustionStart" ConeHeading="180" WwiseData="true" EngineIndex="1" >    
		<WwiseRTPC SimVar="GENERAL ENG COMBUSTION SOUND PERCENT" Units="PERCENT OVER 100" RTPCReleaseType="Linear" RTPCReleaseTime="0.5" Index="1" RTPCName="SIMVAR_GENERAL_ENG_COMBUSTION_SOUND_PERCENT" />
	</Sound>
    <Sound WwiseEvent="CombustionStart" CustomSuffix="Propeller" ConeHeading="0" WwiseData="true" EngineIndex="1" > 
		<WwiseRTPC SimVar="GENERAL ENG COMBUSTION SOUND PERCENT" Units="PERCENT OVER 100" RTPCReleaseType="Linear" RTPCReleaseTime="0.5" Index="1" RTPCName="SIMVAR_GENERAL_ENG_COMBUSTION_SOUND_PERCENT" />
	</Sound>
    <Sound WwiseEvent="Shutdown" ConeHeading="180" RPMMin="750" WwiseData="true" EngineIndex="1" >
		<WwiseRTPC SimVar="GENERAL ENG COMBUSTION SOUND PERCENT" Units="PERCENT OVER 100" RTPCReleaseType="Linear" RTPCReleaseTime="0.5" Index="1" RTPCName="SIMVAR_GENERAL_ENG_COMBUSTION_SOUND_PERCENT" />
	</Sound>
    <Sound WwiseEvent="Shutdown" CustomSuffix="Propeller" ConeHeading="0" RPMMin="750" WwiseData="true" EngineIndex="1" >  
		<WwiseRTPC SimVar="GENERAL ENG COMBUSTION SOUND PERCENT" Units="PERCENT OVER 100" RTPCReleaseType="Linear" RTPCReleaseTime="0.5" Index="1" RTPCName="SIMVAR_GENERAL_ENG_COMBUSTION_SOUND_PERCENT" />
	</Sound>
    <Sound WwiseEvent="Propeller" ConeHeading="0" FadeOutType="2" FadeOutTime="0.5" RPMMin="750" WwiseData="true" EngineIndex="1" >
		<WwiseRTPC SimVar="GENERAL ENG COMBUSTION SOUND PERCENT" Units="PERCENT OVER 100" RTPCReleaseType="Linear" RTPCReleaseTime="0.5" Index="1" RTPCName="SIMVAR_GENERAL_ENG_COMBUSTION_SOUND_PERCENT" />
	</Sound>
  </EngineSoundPresets>
  
  <EngineSoundStates>
	<Sound WwiseEvent="eng1_prop_non_combustion" WwiseData="true" EngineIndex="1" StateOff="true" StateStart="false" StateOn="false" FadeOutType="2" FadeOutTime="1" >
	  <WwiseRTPC SimVar="PROP RPM" Units="RPM" Index="1" RTPCName="SIMVAR_PROP_RPM" />  
	  <WwiseRTPC SimVar="PROP MAX RPM PERCENT" Units="PERCENT OVER 100" Index="1" RTPCName="SIMVAR_PROP_MAX_RPM_PERCENT" />	
	</Sound>
  </EngineSoundStates>

<!-- SIMVAR SOUNDS ========================================================================================== -->

  <SimVarSounds> 
       
     <!-- FLIGHT CONTROL SURFACES SOUNDS ========================================================================================== -->  

    <Sound WwiseData="true" WwiseEvent="aileron_left" NodeName="AILERON_LEFT" ContinuousStopDelay="1.0" SimVar="AILERON POSITION" Units="PERCENT" Index="1">
      <WwiseRTPC SimVar="AILERON POSITION" Units="PERCENT" Index="1" RTPCName="SIMVAR_AILERON_POSITION" />
      <WwiseRTPC SimVar="AILERON POSITION" Units="PERCENT" Index="1" Derived="true" RTPCName="SIMVAR_AILERON_POSITION_DERIVED" />
    </Sound>
    
    <Sound WwiseData="true" WwiseEvent="aileron_right" NodeName="AILERON_RIGHT" ContinuousStopDelay="1.0" SimVar="AILERON POSITION" Units="PERCENT" Index="2">
      <WwiseRTPC SimVar="AILERON POSITION" Units="PERCENT" Index="2" RTPCName="SIMVAR_AILERON_POSITION" />
      <WwiseRTPC SimVar="AILERON POSITION" Units="PERCENT" Index="2" Derived="true" RTPCName="SIMVAR_AILERON_POSITION_DERIVED" />
    </Sound>
    
    <Sound WwiseData="true" WwiseEvent="rudder" NodeName="RUDDER001" ContinuousStopDelay="1.0" SimVar="RUDDER POSITION" Units="PERCENT" Index="0">
      <WwiseRTPC SimVar="RUDDER POSITION" Units="PERCENT" Index="0" RTPCName="SIMVAR_RUDDER_POSITION" />
      <WwiseRTPC SimVar="RUDDER POSITION" Units="PERCENT" Index="0" Derived="true" RTPCName="SIMVAR_RUDDER_POSITION_DERIVED" />
    </Sound>
    
    <Sound WwiseData="true" WwiseEvent="elevator" NodeName="ELEVATOR" ContinuousStopDelay="1.0" SimVar="ELEVATOR POSITION" Units="PERCENT" Index="0">
      <WwiseRTPC SimVar="ELEVATOR POSITION" Units="PERCENT" Index="0" RTPCName="SIMVAR_ELEVATOR_POSITION" />
      <WwiseRTPC SimVar="ELEVATOR POSITION" Units="PERCENT" Index="0" Derived="true" RTPCName="SIMVAR_ELEVATOR_POSITION_DERIVED" />
    </Sound>
    
    <Sound WwiseData="true" WwiseEvent="flaps_left" NodeName="FLAP_LEFT" ContinuousStopDelay="1.0" SimVar="TRAILING EDGE FLAPS LEFT PERCENT" Units="PERCENT" Index="0">
      <WwiseRTPC SimVar="TRAILING EDGE FLAPS LEFT PERCENT" Units="PERCENT" Derived="true" Index="0" RTPCName="SIMVAR_TRAILING_EDGE_FLAPS_LEFT_PERCENT_DERIVED" />
    </Sound>
    
    <Sound WwiseData="true" WwiseEvent="flaps_right" NodeName="FLAP_RIGHT" ContinuousStopDelay="1.0" SimVar="TRAILING EDGE FLAPS RIGHT PERCENT" Units="PERCENT" Index="0">
      <WwiseRTPC SimVar="TRAILING EDGE FLAPS RIGHT PERCENT" Units="PERCENT" Derived="true" Index="0" RTPCName="SIMVAR_TRAILING_EDGE_FLAPS_RIGHT_PERCENT_DERIVED" />
    </Sound> 
	
	<Sound WwiseEvent="GEAR_MOVEMENT" WwiseData="true" FadeOutType="2" FadeOutTime="0.1" SimVar="GEAR TOTAL PCT EXTENDED" Units="PERCENT" ContinuousStopDelay="1.0">
      <WwiseRTPC SimVar="GEAR TOTAL PCT EXTENDED" Units="PERCENT" Index="0" RTPCName="SIMVAR_GEAR_TOTAL_PCT_EXTENDED" />
      <WwiseRTPC SimVar="GEAR TOTAL PCT EXTENDED" Units="PERCENT" Derived="true" Index="0" RTPCName="SIMVAR_GEAR_TOTAL_PCT_EXTENDED_DERIVED" />
    </Sound>

	<!-- MISCELLANEOUS ========================================================================================== --> 

	<Sound WwiseData="true" WwiseEvent="exhaust_cooling" ViewPoint="Outside" SimVar="RECIP ENG CYLINDER HEAD TEMPERATURE" Units="CELSIUS" Index="1">
	  <WwiseRTPC SimVar="RECIP ENG CYLINDER HEAD TEMPERATURE" Units="CELSIUS" Index="1" RTPCName="SIMVAR_RECIP_ENG_CYLINDER_HEAD_TEMPERATURE" />
	  <Range LowerBound= "20.0"/>
      <Requires SimVar="GENERAL ENG COMBUSTION" Units="BOOL" Index="1">
		<Range UpperBound="0.0"/>
	  </Requires>
	</Sound> 

	<Sound WwiseEvent="fuel_pump" WwiseData="true" SimVar="GENERAL ENG FUEL PUMP ON" FadeOutType="2" FadeOutTime="0.5" Units="BOOLEAN" BreakOnStop="true" NodeName="PROP1" Index="1">
      <Range LowerBound="1" />
	  <Requires SimVar="ELECTRICAL MASTER BATTERY" Units="BOOLEAN" Index="1">
        <Range LowerBound="1" />
      </Requires>
    </Sound>   
	
	<Sound WwiseData="true" WwiseEvent="gyro_sound" SimVar="ELECTRICAL MASTER BATTERY" Units="BOOLEAN" Index="0" ContinuousStopDelay="60.0">
      <WwiseRTPC SimVar="ELECTRICAL MASTER BATTERY" Units="BOOLEAN" Index="0" RTPCName="SIMVAR_ELECTRICAL_MASTER_BATTERY_INTERPOLATION_A20_R60"/>
	  <Range LowerBound="1.0" />
    </Sound> 

    <!-- RATTLES ========================================================================================== --> 
		
    <Sound WwiseData="true" WwiseEvent="rattle_ground" ViewPoint="Inside" FadeOutType="2" FadeOutTime="0.5" ContinuousStopDelay="0.5" SimVar="SIM ON GROUND" Units="BOOLEAN" Index="0">
      <Range LowerBound="1.0" />
	  <Requires SimVar="GROUND VELOCITY" Units="METERS PER SECOND" Index="0">
        <Range LowerBound="0.1" />
      </Requires>
	  <WwiseRTPC SimVar="GROUND VELOCITY" Units="METERS PER SECOND" Index="0" RTPCName="SIMVAR_GROUND_VELOCITY" />
	  <WwiseRTPC SimVar="SURFACE TYPE" Units="ENUM" Index="0" RTPCName="SIMVAR_SURFACE_TYPE" />
	  <WwiseRTPC SimVar="GENERAL ENG COMBUSTION SOUND PERCENT" Units="PERCENT OVER 100" RTPCReleaseType="Linear" RTPCReleaseTime="0.3" Index="1" RTPCName="SIMVAR_GENERAL_ENG_COMBUSTION_SOUND_PERCENT" />	  
    </Sound> 
	
  </SimVarSounds>

</SoundInfo>
