{
  "content": [
    {
      "path": "gsx.cfg",
      "size": 1198,
      "date": 133913560951431750
    },
    {
      "path": "MSFSLayoutGenerator.exe",
      "size": 364544,
      "date": 133913560952921321
    },
    {
      "path": "WASM_Version_20.txt",
      "size": 164,
      "date": 133913560953134852
    },
    {
      "path": "ContentInfo/psx-aircraft-simfest744/Thumbnail.jpg",
      "size": 5446,
      "date": 133913560953356859
    },
    {
      "path": "Effects/LIGHT_AIA_B747_BeaconBelly.fx",
      "size": 1282,
      "date": 133913560953600834
    },
    {
      "path": "Effects/LIGHT_AIA_B747_Landing.fx",
      "size": 1278,
      "date": 133913560953815675
    },
    {
      "path": "Effects/LIGHT_AIA_B747_Strobe.fx",
      "size": 1227,
      "date": 133913560954025941
    },
    {
      "path": "Effects/LIGHT_AIA_B747_Taxi.fx",
      "size": 1285,
      "date": 133913560954219259
    },
    {
      "path": "Effects/LIGHT_FSLTL_B747_LogoLightLarge.fx",
      "size": 3457,
      "date": 133913560954407550
    },
    {
      "path": "Effects/LIGHT_PSX_BeaconBelly.fx",
      "size": 4633,
      "date": 133913560954604901
    },
    {
      "path": "Effects/LIGHT_PSX_LandingLarge.fx",
      "size": 4834,
      "date": 133913560954806512
    },
    {
      "path": "Effects/LIGHT_PSX_StrobeSimple.fx",
      "size": 3505,
      "date": 133913560954996560
    },
    {
      "path": "Effects/LIGHT_PSX_TaxiLarge.fx",
      "size": 1405,
      "date": 133913560955200208
    },
    {
      "path": "Effects/LIGHT_PSX_TurnOff.fx",
      "size": 4828,
      "date": 133913560955395769
    },
    {
      "path": "Effects/texture/BeaconDown.dds",
      "size": 1048704,
      "date": 133913560955664963
    },
    {
      "path": "Effects/texture/BeaconDown.DDS.json",
      "size": 119,
      "date": 133913560955883839
    },
    {
      "path": "Effects/texture/FAIB_B7474_RR_AlwaysOn_L.dds",
      "size": 640,
      "date": 133913560956084545
    },
    {
      "path": "Effects/texture/FAIB_B7474_RR_AlwaysOn_L.dds.json",
      "size": 119,
      "date": 133913560956285094
    },
    {
      "path": "Effects/texture/flare.dds",
      "size": 1048704,
      "date": 133913560956541605
    },
    {
      "path": "Effects/texture/FLARE.DDS.json",
      "size": 119,
      "date": 133913560956743383
    },
    {
      "path": "Effects/texture/FLASHLIGHT.dds",
      "size": 1048704,
      "date": 133913560956980371
    },
    {
      "path": "Effects/texture/FLASHLIGHT.DDS.json",
      "size": 102,
      "date": 133913560957199560
    },
    {
      "path": "Effects/texture/FSLTL-ALLO-2.dds",
      "size": 1048704,
      "date": 133913560957435671
    },
    {
      "path": "Effects/texture/FSLTL-ALLO-2.DDS.json",
      "size": 119,
      "date": 133913560957635441
    },
    {
      "path": "Effects/texture/FSLTL-ALLO.dds",
      "size": 1048704,
      "date": 133913560957883496
    },
    {
      "path": "Effects/texture/FSLTL-ALLO.DDS.json",
      "size": 119,
      "date": 133913560958092062
    },
    {
      "path": "Effects/texture/FSLTL-FLASH.dds",
      "size": 1048704,
      "date": 133913560958360014
    },
    {
      "path": "Effects/texture/FSLTL-FLASH.DDS.json",
      "size": 119,
      "date": 133913560958566172
    },
    {
      "path": "Effects/texture/FSLTL-LIGHT.dds",
      "size": 1048704,
      "date": 133913560958819653
    },
    {
      "path": "Effects/texture/FSLTL-LIGHT.DDS.json",
      "size": 119,
      "date": 133913560959023812
    },
    {
      "path": "Effects/texture/FSLTL-LIGHTnav.dds",
      "size": 1048704,
      "date": 133913560959293305
    },
    {
      "path": "Effects/texture/FSLTL-LIGHTnav.DDS.json",
      "size": 119,
      "date": 133913560959506876
    },
    {
      "path": "Effects/texture/FSLTL-LIGHTtaxy.dds",
      "size": 1048704,
      "date": 133913560959764294
    },
    {
      "path": "Effects/texture/FSLTL-LIGHTTAXY.DDS.json",
      "size": 102,
      "date": 133913560959970931
    },
    {
      "path": "Effects/texture/FSLTL-NAV.dds",
      "size": 1048704,
      "date": 133913560960204025
    },
    {
      "path": "Effects/texture/FSLTL-NAV.DDS.json",
      "size": 119,
      "date": 133913560960423298
    },
    {
      "path": "Effects/texture/FX_0.DDS.DDS",
      "size": 87556,
      "date": 133913560960645457
    },
    {
      "path": "Effects/texture/FX_0.DDS.DDS.json",
      "size": 119,
      "date": 133913560960867251
    },
    {
      "path": "Effects/texture/LIGHT.dds",
      "size": 1048704,
      "date": 133913560961111921
    },
    {
      "path": "Effects/texture/LIGHT.DDS.json",
      "size": 119,
      "date": 133913560961266719
    },
    {
      "path": "Effects/texture/LIGHTLanding-belly.dds",
      "size": 1048704,
      "date": 133913560961520702
    },
    {
      "path": "Effects/texture/LIGHTLANDING-BELLY.DDS.json",
      "size": 102,
      "date": 133913560961724241
    },
    {
      "path": "Effects/texture/LIGHTLanding-L.dds",
      "size": 1048704,
      "date": 133913560961966094
    },
    {
      "path": "Effects/texture/LIGHTLANDING-L.DDS.json",
      "size": 102,
      "date": 133913560962199472
    },
    {
      "path": "Effects/texture/LIGHTLanding.dds",
      "size": 1048704,
      "date": 133913560962465682
    },
    {
      "path": "Effects/texture/LIGHTLANDING.DDS.json",
      "size": 102,
      "date": 133913560962667794
    },
    {
      "path": "Effects/texture/LIGHTLED.dds",
      "size": 1048704,
      "date": 133913560962922405
    },
    {
      "path": "Effects/texture/LIGHTLED.DDS.json",
      "size": 119,
      "date": 133913560963079862
    },
    {
      "path": "Effects/texture/LIGHTLED2.dds",
      "size": 65664,
      "date": 133913560963291248
    },
    {
      "path": "Effects/texture/LIGHTLED2.DDS.json",
      "size": 119,
      "date": 133913560963494162
    },
    {
      "path": "Effects/texture/LIGHTold.dds",
      "size": 1048704,
      "date": 133913560963763743
    },
    {
      "path": "Effects/texture/LIGHTOLD.DDS.json",
      "size": 119,
      "date": 133913560963966801
    },
    {
      "path": "Effects/texture/LIGHTtaxy-belly.dds",
      "size": 1048704,
      "date": 133913560964230285
    },
    {
      "path": "Effects/texture/LIGHTTAXY-BELLY.DDS.json",
      "size": 102,
      "date": 133913560964436907
    },
    {
      "path": "Effects/texture/LIGHTtaxy-L.dds",
      "size": 1048704,
      "date": 133913560964680658
    },
    {
      "path": "Effects/texture/LIGHTTAXY-L.DDS.json",
      "size": 102,
      "date": 133913560964883254
    },
    {
      "path": "Effects/texture/LIGHTtaxy.dds",
      "size": 1048704,
      "date": 133913560965122670
    },
    {
      "path": "Effects/texture/LIGHTTAXY.DDS.json",
      "size": 102,
      "date": 133913560965283021
    },
    {
      "path": "Effects/texture/LIGHTWing.dds",
      "size": 1048704,
      "date": 133913560965531833
    },
    {
      "path": "Effects/texture/LIGHTWING.DDS.json",
      "size": 119,
      "date": 133913560965745498
    },
    {
      "path": "Effects/texture/TX-((.dds",
      "size": 1048704,
      "date": 133913560965967891
    },
    {
      "path": "Effects/texture/TX-((.DDS.json",
      "size": 102,
      "date": 133913560966179415
    },
    {
      "path": "SimObjects/Airplanes/asobo_b747_8i/attachments/microsoft/function_interior_freighter/panel/panel.cfg",
      "size": 1146,
      "date": 133913560966613782
    },
    {
      "path": "SimObjects/Airplanes/asobo_b747_8i/attachments/microsoft/function_interior_freighter/panel/PSX.NET.MSFS.WASM.SimObjects.wasm",
      "size": 1733742,
      "date": 133913560966918922
    },
    {
      "path": "SimObjects/Airplanes/asobo_b747_8i/attachments/microsoft/function_interior_freighter/panel/PSX.NET.MSFS2024.WASM.UserObject.wasm",
      "size": 1770707,
      "date": 133913561946973123
    },
    {
      "path": "SimObjects/Airplanes/asobo_b747_8i/attachments/microsoft/function_interior_passenger/panel/panel.cfg",
      "size": 3745,
      "date": 133913560967545690
    },
    {
      "path": "SimObjects/Airplanes/asobo_b747_8i/attachments/microsoft/function_interior_passenger/panel/PSX.NET.MSFS.WASM.SimObjects.wasm",
      "size": 1733742,
      "date": 133913560967843671
    },
    {
      "path": "SimObjects/Airplanes/asobo_b747_8i/attachments/microsoft/function_interior_passenger/panel/PSX.NET.MSFS2024.WASM.UserObject.wasm",
      "size": 1770707,
      "date": 133913561999400957
    },
    {
      "path": "SimObjects/Airplanes/PSX.NET.MSFS.WASM/ai.cfg",
      "size": 932,
      "date": 133913560968389776
    },
    {
      "path": "SimObjects/Airplanes/PSX.NET.MSFS.WASM/aircraft.cfg",
      "size": 14634,
      "date": 133913560968604688
    },
    {
      "path": "SimObjects/Airplanes/PSX.NET.MSFS.WASM/Approach.flt",
      "size": 2634,
      "date": 133913560968811114
    },
    {
      "path": "SimObjects/Airplanes/PSX.NET.MSFS.WASM/apron.FLT",
      "size": 2718,
      "date": 133913560969053938
    },
    {
      "path": "SimObjects/Airplanes/PSX.NET.MSFS.WASM/cameras.cfg",
      "size": 5747,
      "date": 133913560969283148
    },
    {
      "path": "SimObjects/Airplanes/PSX.NET.MSFS.WASM/climb.FLT",
      "size": 2634,
      "date": 133913560969441040
    },
    {
      "path": "SimObjects/Airplanes/PSX.NET.MSFS.WASM/cockpit.cfg",
      "size": 5021,
      "date": 133913560969642066
    },
    {
      "path": "SimObjects/Airplanes/PSX.NET.MSFS.WASM/Cruise.flt",
      "size": 2646,
      "date": 133913560969852036
    },
    {
      "path": "SimObjects/Airplanes/PSX.NET.MSFS.WASM/engines.cfg",
      "size": 10663,
      "date": 133913560970075845
    },
    {
      "path": "SimObjects/Airplanes/PSX.NET.MSFS.WASM/final.FLT",
      "size": 2634,
      "date": 133913560970217874
    },
    {
      "path": "SimObjects/Airplanes/PSX.NET.MSFS.WASM/flight_model.cfg",
      "size": 23361,
      "date": 133913560970429126
    },
    {
      "path": "SimObjects/Airplanes/PSX.NET.MSFS.WASM/gameplay.cfg",
      "size": 1806,
      "date": 133913560970623530
    },
    {
      "path": "SimObjects/Airplanes/PSX.NET.MSFS.WASM/hangar.flt",
      "size": 2579,
      "date": 133913560970834347
    },
    {
      "path": "SimObjects/Airplanes/PSX.NET.MSFS.WASM/runway.FLT",
      "size": 2730,
      "date": 133913560971044611
    },
    {
      "path": "SimObjects/Airplanes/PSX.NET.MSFS.WASM/systems.cfg",
      "size": 13887,
      "date": 133913560971246347
    },
    {
      "path": "SimObjects/Airplanes/PSX.NET.MSFS.WASM/target_performance.cfg",
      "size": 2300,
      "date": 133913560971467028
    },
    {
      "path": "SimObjects/Airplanes/PSX.NET.MSFS.WASM/taxi.FLT",
      "size": 2718,
      "date": 133913560971681491
    },
    {
      "path": "SimObjects/Airplanes/PSX.NET.MSFS.WASM/model/FAIB_B7474_RR.bin",
      "size": 11761110,
      "date": 133913560972292759
    },
    {
      "path": "SimObjects/Airplanes/PSX.NET.MSFS.WASM/model/FAIB_B7474_RR.gltf",
      "size": 244453,
      "date": 133913560972541475
    },
    {
      "path": "SimObjects/Airplanes/PSX.NET.MSFS.WASM/model/FAIB_B7474_RR.xml",
      "size": 5544,
      "date": 133913560972782639
    },
    {
      "path": "SimObjects/Airplanes/PSX.NET.MSFS.WASM/model/model.CFG",
      "size": 34,
      "date": 133913560972963863
    },
    {
      "path": "SimObjects/Airplanes/PSX.NET.MSFS.WASM/model.FGE/FAIB_B7474F_GE.bin",
      "size": 11793642,
      "date": 133913560973605239
    },
    {
      "path": "SimObjects/Airplanes/PSX.NET.MSFS.WASM/model.FGE/FAIB_B7474F_GE.gltf",
      "size": 246168,
      "date": 133913560973828243
    },
    {
      "path": "SimObjects/Airplanes/PSX.NET.MSFS.WASM/model.FGE/FAIB_B7474F_GE.xml",
      "size": 5545,
      "date": 133913560974044435
    },
    {
      "path": "SimObjects/Airplanes/PSX.NET.MSFS.WASM/model.FGE/model.CFG",
      "size": 35,
      "date": 133913560974243365
    },
    {
      "path": "SimObjects/Airplanes/PSX.NET.MSFS.WASM/model.FPW/FAIB_B7474F_PW.bin",
      "size": 11789994,
      "date": 133913560974874134
    },
    {
      "path": "SimObjects/Airplanes/PSX.NET.MSFS.WASM/model.FPW/FAIB_B7474F_PW.gltf",
      "size": 244674,
      "date": 133913560975111489
    },
    {
      "path": "SimObjects/Airplanes/PSX.NET.MSFS.WASM/model.FPW/FAIB_B7474F_PW.xml",
      "size": 5545,
      "date": 133913560975324962
    },
    {
      "path": "SimObjects/Airplanes/PSX.NET.MSFS.WASM/model.FPW/model.CFG",
      "size": 35,
      "date": 133913560975533821
    },
    {
      "path": "SimObjects/Airplanes/PSX.NET.MSFS.WASM/model.FRR/FAIB_B7474F_RR.bin",
      "size": 11759190,
      "date": 133913560976157761
    },
    {
      "path": "SimObjects/Airplanes/PSX.NET.MSFS.WASM/model.FRR/FAIB_B7474F_RR.gltf",
      "size": 246766,
      "date": 133913560976384201
    },
    {
      "path": "SimObjects/Airplanes/PSX.NET.MSFS.WASM/model.FRR/FAIB_B7474F_RR.xml",
      "size": 5545,
      "date": 133913560976592075
    },
    {
      "path": "SimObjects/Airplanes/PSX.NET.MSFS.WASM/model.FRR/model.CFG",
      "size": 35,
      "date": 133913560976784191
    },
    {
      "path": "SimObjects/Airplanes/PSX.NET.MSFS.WASM/model.GE/FAIB_B7474_GE.bin",
      "size": 11795706,
      "date": 133913560977393315
    },
    {
      "path": "SimObjects/Airplanes/PSX.NET.MSFS.WASM/model.GE/FAIB_B7474_GE.gltf",
      "size": 246952,
      "date": 133913560977620773
    },
    {
      "path": "SimObjects/Airplanes/PSX.NET.MSFS.WASM/model.GE/FAIB_B7474_GE.xml",
      "size": 5544,
      "date": 133913560977833682
    },
    {
      "path": "SimObjects/Airplanes/PSX.NET.MSFS.WASM/model.GE/model.CFG",
      "size": 34,
      "date": 133913560978025951
    },
    {
      "path": "SimObjects/Airplanes/PSX.NET.MSFS.WASM/model.PW/FAIB_B7474_PW.bin",
      "size": 11792058,
      "date": 133913560978634817
    },
    {
      "path": "SimObjects/Airplanes/PSX.NET.MSFS.WASM/model.PW/FAIB_B7474_PW.gltf",
      "size": 240389,
      "date": 133913560978854383
    },
    {
      "path": "SimObjects/Airplanes/PSX.NET.MSFS.WASM/model.PW/FAIB_B7474_PW.xml",
      "size": 5544,
      "date": 133913560979083394
    },
    {
      "path": "SimObjects/Airplanes/PSX.NET.MSFS.WASM/model.PW/model.CFG",
      "size": 34,
      "date": 133913560979267438
    },
    {
      "path": "SimObjects/Airplanes/PSX.NET.MSFS.WASM/model.RR/FAIB_B7474_RR.bin",
      "size": 11761110,
      "date": 133913560979888832
    },
    {
      "path": "SimObjects/Airplanes/PSX.NET.MSFS.WASM/model.RR/FAIB_B7474_RR.gltf",
      "size": 244501,
      "date": 133913560980109372
    },
    {
      "path": "SimObjects/Airplanes/PSX.NET.MSFS.WASM/model.RR/FAIB_B7474_RR.xml",
      "size": 5544,
      "date": 133913560980272401
    },
    {
      "path": "SimObjects/Airplanes/PSX.NET.MSFS.WASM/model.RR/model.CFG",
      "size": 34,
      "date": 133913560980415443
    },
    {
      "path": "SimObjects/Airplanes/PSX.NET.MSFS.WASM/panel/panel.cfg",
      "size": 354,
      "date": 133913560980644884
    },
    {
      "path": "SimObjects/Airplanes/PSX.NET.MSFS.WASM/panel/PSX.NET.MSFS.WASM.SimObjects.wasm",
      "size": 1733742,
      "date": 133913560980937209
    },
    {
      "path": "SimObjects/Airplanes/PSX.NET.MSFS.WASM/panel/PSX.NET.MSFS2024.WASM.UserObject.wasm",
      "size": 1770707,
      "date": 133913561824197427
    },
    {
      "path": "SimObjects/Airplanes/PSX.NET.MSFS.WASM/sound/.gitignore",
      "size": 68,
      "date": 133913560981780245
    },
    {
      "path": "SimObjects/Airplanes/PSX.NET.MSFS.WASM/sound/sound.xml",
      "size": 11246,
      "date": 133913560982015135
    },
    {
      "path": "SimObjects/Airplanes/PSX.NET.MSFS.WASM/soundAI/.gitignore",
      "size": 68,
      "date": 133913560982210250
    },
    {
      "path": "SimObjects/Airplanes/PSX.NET.MSFS.WASM/soundAI/MaVeCreations_B747_AI.PC.pck",
      "size": 1617284,
      "date": 133913560982528390
    },
    {
      "path": "SimObjects/Airplanes/PSX.NET.MSFS.WASM/soundAI/soundai.xml",
      "size": 4182,
      "date": 133913560982766752
    },
    {
      "path": "SimObjects/Airplanes/PSX.NET.MSFS.WASM/texture/FAIB_B7474F_GE_L.DDS.DDS",
      "size": 16777344,
      "date": 133913560983380949
    },
    {
      "path": "SimObjects/Airplanes/PSX.NET.MSFS.WASM/texture/FAIB_B7474F_GE_L.DDS.DDS.json",
      "size": 102,
      "date": 133913560983593984
    },
    {
      "path": "SimObjects/Airplanes/PSX.NET.MSFS.WASM/texture/FAIB_B7474F_GE_M.PNG.DDS.DDS",
      "size": 22369776,
      "date": 133913560984433039
    },
    {
      "path": "SimObjects/Airplanes/PSX.NET.MSFS.WASM/texture/FAIB_B7474F_GE_M.PNG.DDS.DDS.json",
      "size": 166,
      "date": 133913560984647378
    },
    {
      "path": "SimObjects/Airplanes/PSX.NET.MSFS.WASM/texture/FAIB_B7474F_GE_T.DDS.DDS",
      "size": 16777344,
      "date": 133913560985292253
    },
    {
      "path": "SimObjects/Airplanes/PSX.NET.MSFS.WASM/texture/FAIB_B7474F_GE_T.DDS.DDS.json",
      "size": 102,
      "date": 133913560985496008
    },
    {
      "path": "SimObjects/Airplanes/PSX.NET.MSFS.WASM/texture/FAIB_B7474F_PW_L.DDS.DDS",
      "size": 16777344,
      "date": 133913560986082583
    },
    {
      "path": "SimObjects/Airplanes/PSX.NET.MSFS.WASM/texture/FAIB_B7474F_PW_L.DDS.DDS.json",
      "size": 102,
      "date": 133913560986291792
    },
    {
      "path": "SimObjects/Airplanes/PSX.NET.MSFS.WASM/texture/FAIB_B7474F_PW_M.PNG.DDS.DDS",
      "size": 22369776,
      "date": 133913560987095102
    },
    {
      "path": "SimObjects/Airplanes/PSX.NET.MSFS.WASM/texture/FAIB_B7474F_PW_M.PNG.DDS.DDS.json",
      "size": 166,
      "date": 133913560987254740
    },
    {
      "path": "SimObjects/Airplanes/PSX.NET.MSFS.WASM/texture/FAIB_B7474F_PW_T.DDS.DDS",
      "size": 16777344,
      "date": 133913560987898942
    },
    {
      "path": "SimObjects/Airplanes/PSX.NET.MSFS.WASM/texture/FAIB_B7474F_PW_T.DDS.DDS.json",
      "size": 102,
      "date": 133913560988113087
    },
    {
      "path": "SimObjects/Airplanes/PSX.NET.MSFS.WASM/texture/FAIB_B7474F_RR_L.DDS.DDS",
      "size": 16777344,
      "date": 133913560988695885
    },
    {
      "path": "SimObjects/Airplanes/PSX.NET.MSFS.WASM/texture/FAIB_B7474F_RR_L.DDS.DDS.json",
      "size": 102,
      "date": 133913560988916210
    },
    {
      "path": "SimObjects/Airplanes/PSX.NET.MSFS.WASM/texture/FAIB_B7474F_RR_M.PNG.DDS.DDS",
      "size": 22369776,
      "date": 133913560989734036
    },
    {
      "path": "SimObjects/Airplanes/PSX.NET.MSFS.WASM/texture/FAIB_B7474F_RR_M.PNG.DDS.DDS.json",
      "size": 166,
      "date": 133913560989895253
    },
    {
      "path": "SimObjects/Airplanes/PSX.NET.MSFS.WASM/texture/FAIB_B7474F_RR_T.DDS.DDS",
      "size": 16777344,
      "date": 133913560990549307
    },
    {
      "path": "SimObjects/Airplanes/PSX.NET.MSFS.WASM/texture/FAIB_B7474F_RR_T.DDS.DDS.json",
      "size": 102,
      "date": 133913560990779891
    },
    {
      "path": "SimObjects/Airplanes/PSX.NET.MSFS.WASM/texture/FAIB_B7474_GE_L.DDS.DDS",
      "size": 16777344,
      "date": 133913560991373864
    },
    {
      "path": "SimObjects/Airplanes/PSX.NET.MSFS.WASM/texture/FAIB_B7474_GE_L.DDS.DDS.json",
      "size": 102,
      "date": 133913560991592660
    },
    {
      "path": "SimObjects/Airplanes/PSX.NET.MSFS.WASM/texture/FAIB_B7474_GE_M.PNG.DDS.DDS",
      "size": 22369776,
      "date": 133913560992397555
    },
    {
      "path": "SimObjects/Airplanes/PSX.NET.MSFS.WASM/texture/FAIB_B7474_GE_M.PNG.DDS.DDS.json",
      "size": 166,
      "date": 133913560992557302
    },
    {
      "path": "SimObjects/Airplanes/PSX.NET.MSFS.WASM/texture/FAIB_B7474_GE_T.DDS.DDS",
      "size": 16777344,
      "date": 133913560993212156
    },
    {
      "path": "SimObjects/Airplanes/PSX.NET.MSFS.WASM/texture/FAIB_B7474_GE_T.DDS.DDS.json",
      "size": 102,
      "date": 133913560993415250
    },
    {
      "path": "SimObjects/Airplanes/PSX.NET.MSFS.WASM/texture/FAIB_B7474_PW_L.DDS.DDS",
      "size": 16777344,
      "date": 133913560993984753
    },
    {
      "path": "SimObjects/Airplanes/PSX.NET.MSFS.WASM/texture/FAIB_B7474_PW_L.DDS.DDS.json",
      "size": 102,
      "date": 133913560994143560
    },
    {
      "path": "SimObjects/Airplanes/PSX.NET.MSFS.WASM/texture/FAIB_B7474_PW_M.PNG.DDS.DDS",
      "size": 22369776,
      "date": 133913560994966878
    },
    {
      "path": "SimObjects/Airplanes/PSX.NET.MSFS.WASM/texture/FAIB_B7474_PW_M.PNG.DDS.DDS.json",
      "size": 166,
      "date": 133913560995130713
    },
    {
      "path": "SimObjects/Airplanes/PSX.NET.MSFS.WASM/texture/FAIB_B7474_PW_T.DDS.DDS",
      "size": 16777344,
      "date": 133913560995790205
    },
    {
      "path": "SimObjects/Airplanes/PSX.NET.MSFS.WASM/texture/FAIB_B7474_PW_T.DDS.DDS.json",
      "size": 102,
      "date": 133913560996003009
    },
    {
      "path": "SimObjects/Airplanes/PSX.NET.MSFS.WASM/texture/FAIB_B7474_RR_L.DDS.DDS",
      "size": 16777344,
      "date": 133913560996573944
    },
    {
      "path": "SimObjects/Airplanes/PSX.NET.MSFS.WASM/texture/FAIB_B7474_RR_L.DDS.DDS.json",
      "size": 102,
      "date": 133913560996722344
    },
    {
      "path": "SimObjects/Airplanes/PSX.NET.MSFS.WASM/texture/FAIB_B7474_RR_T.DDS.DDS",
      "size": 16777344,
      "date": 133913560997369050
    },
    {
      "path": "SimObjects/Airplanes/PSX.NET.MSFS.WASM/texture/FAIB_B7474_RR_T.DDS.DDS.json",
      "size": 102,
      "date": 133913560997580704
    },
    {
      "path": "SimObjects/Airplanes/PSX.NET.MSFS.WASM/texture/thumbnail.JPG",
      "size": 211227,
      "date": 133913560997740693
    },
    {
      "path": "SimObjects/Airplanes/PSX.NET.MSFS.WASM/texture/thumbnail_small.JPG",
      "size": 13030,
      "date": 133913560997900628
    },
    {
      "path": "SimObjects/Airplanes/PSX.NET.MSFS.WASM/texture.9VSFP/FAIB_B7474F_PW_T.DDS.DDS",
      "size": 16777344,
      "date": 133913560998755228
    },
    {
      "path": "SimObjects/Airplanes/PSX.NET.MSFS.WASM/texture.9VSFP/FAIB_B7474F_PW_T.DDS.DDS.json",
      "size": 102,
      "date": 133913560998970331
    },
    {
      "path": "SimObjects/Airplanes/PSX.NET.MSFS.WASM/texture.9VSFP/texture.CFG",
      "size": 65,
      "date": 133913560999153216
    },
    {
      "path": "SimObjects/Airplanes/PSX.NET.MSFS.WASM/texture.9VSFP/thumbnail.JPG",
      "size": 269768,
      "date": 133913560999319233
    },
    {
      "path": "SimObjects/Airplanes/PSX.NET.MSFS.WASM/texture.9VSFP/thumbnail_small.JPG",
      "size": 32539,
      "date": 133913560999467820
    },
    {
      "path": "SimObjects/Airplanes/PSX.NET.MSFS.WASM/texture.BAW_LL/FAIB_B7474_RR_L.DDS.DDS",
      "size": 16777344,
      "date": 133913561000089869
    },
    {
      "path": "SimObjects/Airplanes/PSX.NET.MSFS.WASM/texture.BAW_LL/FAIB_B7474_RR_L.DDS.DDS.json",
      "size": 102,
      "date": 133913561000291009
    },
    {
      "path": "SimObjects/Airplanes/PSX.NET.MSFS.WASM/texture.BAW_LL/FAIB_B7474_RR_T.DDS.DDS",
      "size": 16777344,
      "date": 133913561001134951
    },
    {
      "path": "SimObjects/Airplanes/PSX.NET.MSFS.WASM/texture.BAW_LL/FAIB_B7474_RR_T.DDS.DDS.json",
      "size": 102,
      "date": 133913561001353225
    },
    {
      "path": "SimObjects/Airplanes/PSX.NET.MSFS.WASM/texture.BAW_LL/texture.CFG",
      "size": 31,
      "date": 133913561001552993
    },
    {
      "path": "SimObjects/Airplanes/PSX.NET.MSFS.WASM/texture.BAW_LL/thumbnail.JPG",
      "size": 279922,
      "date": 133913561001711060
    },
    {
      "path": "SimObjects/Airplanes/PSX.NET.MSFS.WASM/texture.BAW_LL/thumbnail_small.JPG",
      "size": 40168,
      "date": 133913561001865215
    },
    {
      "path": "SimObjects/Airplanes/PSX.NET.MSFS.WASM/texture.DABTK/FAIB_B7474_GE_T.DDS.DDS",
      "size": 16777344,
      "date": 133913561002836642
    },
    {
      "path": "SimObjects/Airplanes/PSX.NET.MSFS.WASM/texture.DABTK/FAIB_B7474_GE_T.DDS.DDS.json",
      "size": 102,
      "date": 133913561003046411
    },
    {
      "path": "SimObjects/Airplanes/PSX.NET.MSFS.WASM/texture.DABTK/texture.CFG",
      "size": 65,
      "date": 133913561003241280
    },
    {
      "path": "SimObjects/Airplanes/PSX.NET.MSFS.WASM/texture.DABTK/thumbnail.JPG",
      "size": 273917,
      "date": 133913561003395840
    },
    {
      "path": "SimObjects/Airplanes/PSX.NET.MSFS.WASM/texture.DABTK/thumbnail_small.JPG",
      "size": 30542,
      "date": 133913561003544951
    },
    {
      "path": "SimObjects/Airplanes/PSX.NET.MSFS.WASM/texture.GBYGC/FAIB_B7474_RR_T.DDS.DDS",
      "size": 16777344,
      "date": 133913561004312384
    },
    {
      "path": "SimObjects/Airplanes/PSX.NET.MSFS.WASM/texture.GBYGC/FAIB_B7474_RR_T.DDS.DDS.json",
      "size": 102,
      "date": 133913561004520966
    },
    {
      "path": "SimObjects/Airplanes/PSX.NET.MSFS.WASM/texture.GBYGC/texture.CFG",
      "size": 65,
      "date": 133913561004665289
    },
    {
      "path": "SimObjects/Airplanes/PSX.NET.MSFS.WASM/texture.GBYGC/thumbnail.JPG",
      "size": 208630,
      "date": 133913561004828428
    },
    {
      "path": "SimObjects/Airplanes/PSX.NET.MSFS.WASM/texture.GBYGC/thumbnail_small.JPG",
      "size": 25674,
      "date": 133913561004967211
    },
    {
      "path": "SimObjects/Airplanes/PSX.NET.MSFS.WASM/texture.GCIVB/FAIB_B7474_RR_T.DDS.DDS",
      "size": 16777344,
      "date": 133913561005742166
    },
    {
      "path": "SimObjects/Airplanes/PSX.NET.MSFS.WASM/texture.GCIVB/FAIB_B7474_RR_T.DDS.DDS.json",
      "size": 102,
      "date": 133913561005956555
    },
    {
      "path": "SimObjects/Airplanes/PSX.NET.MSFS.WASM/texture.GCIVB/texture.CFG",
      "size": 65,
      "date": 133913561006100359
    },
    {
      "path": "SimObjects/Airplanes/PSX.NET.MSFS.WASM/texture.GCIVB/thumbnail.JPG",
      "size": 228369,
      "date": 133913561006263068
    },
    {
      "path": "SimObjects/Airplanes/PSX.NET.MSFS.WASM/texture.GCIVB/thumbnail_small.JPG",
      "size": 27967,
      "date": 133913561006415404
    },
    {
      "path": "SimObjects/Airplanes/PSX.NET.MSFS.WASM/texture.JA8076/FAIB_B7474_GE_T.DDS.DDS",
      "size": 16777344,
      "date": 133913561007313893
    },
    {
      "path": "SimObjects/Airplanes/PSX.NET.MSFS.WASM/texture.JA8076/FAIB_B7474_GE_T.DDS.DDS.json",
      "size": 102,
      "date": 133913561007521326
    },
    {
      "path": "SimObjects/Airplanes/PSX.NET.MSFS.WASM/texture.JA8076/texture.CFG",
      "size": 65,
      "date": 133913561007659234
    },
    {
      "path": "SimObjects/Airplanes/PSX.NET.MSFS.WASM/texture.JA8076/thumbnail.JPG",
      "size": 325657,
      "date": 133913561007828546
    },
    {
      "path": "SimObjects/Airplanes/PSX.NET.MSFS.WASM/texture.JA8076/thumbnail_small.JPG",
      "size": 33591,
      "date": 133913561007982606
    },
    {
      "path": "SimObjects/Airplanes/PSX.NET.MSFS.WASM/texture.LXVCV/FAIB_B7474F_RR_T.DDS.DDS",
      "size": 16777344,
      "date": 133913561008765819
    },
    {
      "path": "SimObjects/Airplanes/PSX.NET.MSFS.WASM/texture.LXVCV/FAIB_B7474F_RR_T.DDS.DDS.json",
      "size": 102,
      "date": 133913561008980052
    },
    {
      "path": "SimObjects/Airplanes/PSX.NET.MSFS.WASM/texture.LXVCV/texture.CFG",
      "size": 65,
      "date": 133913561009128543
    },
    {
      "path": "SimObjects/Airplanes/PSX.NET.MSFS.WASM/texture.LXVCV/thumbnail.JPG",
      "size": 253512,
      "date": 133913561009292467
    },
    {
      "path": "SimObjects/Airplanes/PSX.NET.MSFS.WASM/texture.LXVCV/thumbnail_small.JPG",
      "size": 28356,
      "date": 133913561009454376
    },
    {
      "path": "SimObjects/Airplanes/PSX.NET.MSFS.WASM/texture.N499MC/FAIB_B7474F_GE_T.DDS.DDS",
      "size": 16777344,
      "date": 133913561010410307
    },
    {
      "path": "SimObjects/Airplanes/PSX.NET.MSFS.WASM/texture.N499MC/FAIB_B7474F_GE_T.DDS.DDS.json",
      "size": 102,
      "date": 133913561010622632
    },
    {
      "path": "SimObjects/Airplanes/PSX.NET.MSFS.WASM/texture.N499MC/texture.CFG",
      "size": 65,
      "date": 133913561010771724
    },
    {
      "path": "SimObjects/Airplanes/PSX.NET.MSFS.WASM/texture.N499MC/thumbnail.JPG",
      "size": 446141,
      "date": 133913561010947480
    },
    {
      "path": "SimObjects/Airplanes/PSX.NET.MSFS.WASM/texture.N499MC/thumbnail_small.JPG",
      "size": 39691,
      "date": 133913561011101607
    },
    {
      "path": "SimObjects/Airplanes/PSX.NET.MSFS.WASM/texture.N572UP/FAIB_B7474F_GE_T.DDS.DDS",
      "size": 4194432,
      "date": 133913561011525496
    },
    {
      "path": "SimObjects/Airplanes/PSX.NET.MSFS.WASM/texture.N572UP/FAIB_B7474F_GE_T.DDS.DDS.json",
      "size": 102,
      "date": 133913561011735761
    },
    {
      "path": "SimObjects/Airplanes/PSX.NET.MSFS.WASM/texture.N572UP/texture.CFG",
      "size": 65,
      "date": 133913561011869254
    },
    {
      "path": "SimObjects/Airplanes/PSX.NET.MSFS.WASM/texture.N572UP/thumbnail.JPG",
      "size": 342214,
      "date": 133913561012044376
    },
    {
      "path": "SimObjects/Airplanes/PSX.NET.MSFS.WASM/texture.N572UP/thumbnail_small.JPG",
      "size": 27780,
      "date": 133913561012200613
    },
    {
      "path": "SimObjects/Airplanes/PSX.NET.MSFS.WASM/texture.N573UP/FAIB_B7474F_GE_T.DDS.DDS",
      "size": 4194432,
      "date": 133913561012621019
    },
    {
      "path": "SimObjects/Airplanes/PSX.NET.MSFS.WASM/texture.N573UP/FAIB_B7474F_GE_T.DDS.DDS.json",
      "size": 102,
      "date": 133913561012826964
    },
    {
      "path": "SimObjects/Airplanes/PSX.NET.MSFS.WASM/texture.N573UP/texture.CFG",
      "size": 65,
      "date": 133913561012965299
    },
    {
      "path": "SimObjects/Airplanes/PSX.NET.MSFS.WASM/texture.N573UP/thumbnail.JPG",
      "size": 343271,
      "date": 133913561013149420
    },
    {
      "path": "SimObjects/Airplanes/PSX.NET.MSFS.WASM/texture.N573UP/thumbnail_small.JPG",
      "size": 27637,
      "date": 133913561013302529
    },
    {
      "path": "SimObjects/Airplanes/PSX.NET.MSFS.WASM/texture.N574UP/FAIB_B7474F_GE_T.DDS.DDS",
      "size": 16777344,
      "date": 133913561014052909
    },
    {
      "path": "SimObjects/Airplanes/PSX.NET.MSFS.WASM/texture.N574UP/FAIB_B7474F_GE_T.DDS.DDS.json",
      "size": 102,
      "date": 133913561014259074
    },
    {
      "path": "SimObjects/Airplanes/PSX.NET.MSFS.WASM/texture.N574UP/texture.CFG",
      "size": 65,
      "date": 133913561014402924
    },
    {
      "path": "SimObjects/Airplanes/PSX.NET.MSFS.WASM/texture.N574UP/thumbnail.JPG",
      "size": 339566,
      "date": 133913561014572654
    },
    {
      "path": "SimObjects/Airplanes/PSX.NET.MSFS.WASM/texture.N574UP/thumbnail_small.JPG",
      "size": 27704,
      "date": 133913561014724318
    },
    {
      "path": "SimObjects/Airplanes/PSX.NET.MSFS.WASM/texture.PHCKA/FAIB_B7474F_GE_T.DDS.DDS",
      "size": 16777344,
      "date": 133913561015656016
    },
    {
      "path": "SimObjects/Airplanes/PSX.NET.MSFS.WASM/texture.PHCKA/FAIB_B7474F_GE_T.DDS.DDS.json",
      "size": 102,
      "date": 133913561015852977
    },
    {
      "path": "SimObjects/Airplanes/PSX.NET.MSFS.WASM/texture.PHCKA/texture.CFG",
      "size": 65,
      "date": 133913561015994122
    },
    {
      "path": "SimObjects/Airplanes/PSX.NET.MSFS.WASM/texture.PHCKA/thumbnail.JPG",
      "size": 268494,
      "date": 133913561016153743
    },
    {
      "path": "SimObjects/Airplanes/PSX.NET.MSFS.WASM/texture.PHCKA/thumbnail_small.JPG",
      "size": 32446,
      "date": 133913561016314572
    },
    {
      "path": "SimObjects/Airplanes/PSX.NET.MSFS.WASM/texture.PHCKB/FAIB_B7474F_GE_T.DDS.DDS",
      "size": 16777344,
      "date": 133913561017257859
    },
    {
      "path": "SimObjects/Airplanes/PSX.NET.MSFS.WASM/texture.PHCKB/FAIB_B7474F_GE_T.DDS.DDS.json",
      "size": 102,
      "date": 133913561017463519
    },
    {
      "path": "SimObjects/Airplanes/PSX.NET.MSFS.WASM/texture.PHCKB/texture.CFG",
      "size": 65,
      "date": 133913561017608869
    },
    {
      "path": "SimObjects/Airplanes/PSX.NET.MSFS.WASM/texture.PHCKB/thumbnail.JPG",
      "size": 268419,
      "date": 133913561017768588
    },
    {
      "path": "SimObjects/Airplanes/PSX.NET.MSFS.WASM/texture.PHCKB/thumbnail_small.JPG",
      "size": 32393,
      "date": 133913561017934870
    },
    {
      "path": "SimObjects/Airplanes/PSX.NET.MSFS.WASM/texture.PHCKC/FAIB_B7474F_GE_T.DDS.DDS",
      "size": 16777344,
      "date": 133913561018865610
    },
    {
      "path": "SimObjects/Airplanes/PSX.NET.MSFS.WASM/texture.PHCKC/FAIB_B7474F_GE_T.DDS.DDS.json",
      "size": 102,
      "date": 133913561019083917
    },
    {
      "path": "SimObjects/Airplanes/PSX.NET.MSFS.WASM/texture.PHCKC/texture.CFG",
      "size": 65,
      "date": 133913561019236711
    },
    {
      "path": "SimObjects/Airplanes/PSX.NET.MSFS.WASM/texture.PHCKC/thumbnail.JPG",
      "size": 268884,
      "date": 133913561019410251
    },
    {
      "path": "SimObjects/Airplanes/PSX.NET.MSFS.WASM/texture.PHCKC/thumbnail_small.JPG",
      "size": 32553,
      "date": 133913561019555564
    },
    {
      "path": "SimObjects/Airplanes/PSX.NET.MSFS.WASM/texture.Qantas GE OC/FAIB_B7474_GE_T.DDS.DDS",
      "size": 16777344,
      "date": 133913561020401557
    },
    {
      "path": "SimObjects/Airplanes/PSX.NET.MSFS.WASM/texture.Qantas GE OC/FAIB_B7474_GE_T.DDS.DDS.json",
      "size": 102,
      "date": 133913561020627234
    },
    {
      "path": "SimObjects/Airplanes/PSX.NET.MSFS.WASM/texture.Qantas GE OC/texture.CFG",
      "size": 31,
      "date": 133913561020766218
    },
    {
      "path": "SimObjects/Airplanes/PSX.NET.MSFS.WASM/texture.Qantas GE OC/thumbnail.JPG",
      "size": 300566,
      "date": 133913561020935707
    },
    {
      "path": "SimObjects/Airplanes/PSX.NET.MSFS.WASM/texture.Qantas GE OC/thumbnail_small.JPG",
      "size": 36269,
      "date": 133913561021089822
    },
    {
      "path": "SimObjects/Airplanes/PSX.NET.MSFS.WASM/texture.Qantas OC/FAIB_B7474_RR_T.DDS.DDS",
      "size": 16777344,
      "date": 133913561021832483
    },
    {
      "path": "SimObjects/Airplanes/PSX.NET.MSFS.WASM/texture.Qantas OC/FAIB_B7474_RR_T.DDS.DDS.json",
      "size": 102,
      "date": 133913561022041756
    },
    {
      "path": "SimObjects/Airplanes/PSX.NET.MSFS.WASM/texture.Qantas OC/texture.CFG",
      "size": 31,
      "date": 133913561022188564
    },
    {
      "path": "SimObjects/Airplanes/PSX.NET.MSFS.WASM/texture.Qantas OC/thumbnail.JPG",
      "size": 296308,
      "date": 133913561022353312
    },
    {
      "path": "SimObjects/Airplanes/PSX.NET.MSFS.WASM/texture.Qantas OC/thumbnail_small.JPG",
      "size": 36050,
      "date": 133913561022510314
    },
    {
      "path": "SimObjects/Airplanes/PSX.NET.MSFS.WASM/texture.Qantas OC ER/FAIB_B7474_GE_T.DDS.DDS",
      "size": 16777344,
      "date": 133913561023359192
    },
    {
      "path": "SimObjects/Airplanes/PSX.NET.MSFS.WASM/texture.Qantas OC ER/FAIB_B7474_GE_T.DDS.DDS.json",
      "size": 102,
      "date": 133913561023559611
    },
    {
      "path": "SimObjects/Airplanes/PSX.NET.MSFS.WASM/texture.Qantas OC ER/texture.CFG",
      "size": 31,
      "date": 133913561023703515
    },
    {
      "path": "SimObjects/Airplanes/PSX.NET.MSFS.WASM/texture.Qantas OC ER/thumbnail.JPG",
      "size": 296016,
      "date": 133913561023864554
    },
    {
      "path": "SimObjects/Airplanes/PSX.NET.MSFS.WASM/texture.Qantas OC ER/thumbnail_small.JPG",
      "size": 36218,
      "date": 133913561024027916
    },
    {
      "path": "SimObjects/Airplanes/PSX.NET.MSFS.WASM/texture.Qantas VH-OEF Oneworld/FAIB_B7474_GE_T.DDS.DDS",
      "size": 16777344,
      "date": 133913561024897776
    },
    {
      "path": "SimObjects/Airplanes/PSX.NET.MSFS.WASM/texture.Qantas VH-OEF Oneworld/FAIB_B7474_GE_T.DDS.DDS.json",
      "size": 102,
      "date": 133913561025114160
    },
    {
      "path": "SimObjects/Airplanes/PSX.NET.MSFS.WASM/texture.Qantas VH-OEF Oneworld/texture.CFG",
      "size": 31,
      "date": 133913561025253781
    },
    {
      "path": "SimObjects/Airplanes/PSX.NET.MSFS.WASM/texture.Qantas VH-OEF Oneworld/thumbnail.JPG",
      "size": 295375,
      "date": 133913561025424921
    },
    {
      "path": "SimObjects/Airplanes/PSX.NET.MSFS.WASM/texture.Qantas VH-OEF Oneworld/thumbnail_small.JPG",
      "size": 36101,
      "date": 133913561025594593
    },
    {
      "path": "SimObjects/Airplanes/PSX.NET.MSFS.WASM/texture.Qantas VH-OEJ Socceroos/FAIB_B7474_GE_T.DDS.DDS",
      "size": 16777344,
      "date": 133913561026440878
    },
    {
      "path": "SimObjects/Airplanes/PSX.NET.MSFS.WASM/texture.Qantas VH-OEJ Socceroos/FAIB_B7474_GE_T.DDS.DDS.json",
      "size": 102,
      "date": 133913561026656160
    },
    {
      "path": "SimObjects/Airplanes/PSX.NET.MSFS.WASM/texture.Qantas VH-OEJ Socceroos/texture.CFG",
      "size": 31,
      "date": 133913561026793444
    },
    {
      "path": "SimObjects/Airplanes/PSX.NET.MSFS.WASM/texture.Qantas VH-OEJ Socceroos/thumbnail.JPG",
      "size": 297377,
      "date": 133913561026956564
    },
    {
      "path": "SimObjects/Airplanes/PSX.NET.MSFS.WASM/texture.Qantas VH-OEJ Socceroos/thumbnail_small.JPG",
      "size": 36146,
      "date": 133913561027106255
    },
    {
      "path": "SimObjects/Airplanes/PSX.NET.MSFS.WASM/texture.TFAAK/FAIB_B7474_GE_T.DDS.DDS",
      "size": 4194432,
      "date": 133913561027545290
    },
    {
      "path": "SimObjects/Airplanes/PSX.NET.MSFS.WASM/texture.TFAAK/FAIB_B7474_GE_T.DDS.DDS.json",
      "size": 102,
      "date": 133913561027743418
    },
    {
      "path": "SimObjects/Airplanes/PSX.NET.MSFS.WASM/texture.TFAAK/texture.CFG",
      "size": 65,
      "date": 133913561027894624
    },
    {
      "path": "SimObjects/Airplanes/PSX.NET.MSFS.WASM/texture.TFAAK/thumbnail.JPG",
      "size": 435000,
      "date": 133913561028065107
    },
    {
      "path": "SimObjects/Airplanes/PSX.NET.MSFS.WASM/texture.TFAAK/thumbnail_small.JPG",
      "size": 28497,
      "date": 133913561028231365
    }
  ]
}