<?xml version="1.0" encoding="utf-8"?>
<ModelInfo guid="{06d7b6fc-61a8-4909-8c55-0cc01fd986ba}" version="1.1">
  
	<LODS>
		<LOD minSize="150" ModelFile="FAIB_B7474F_GE.gltf"/>
	</LODS>

<Behaviors>
    <Include ModelBehaviorFile="Asobo\Exterior.xml"/>
		<Component ID="Flaps">
		<UseTemplate Name="ASOBO_GT_Anim_Code">
			<ANIM_NAME>custom_anim_SIM_ON_GROUND_06</ANIM_NAME>
		<ANIM_CODE>
           	(A:TRAILING EDGE FLAPS LEFT PERCENT, percent) 1 &lt; if{ (A:LIGHT LANDING, bool) 1 == if{ (A:PLANE ALT ABOVE GROUND, feet) 2000 &lt; if{ (A:VERTICAL SPEED, feet per second) -0.1 &gt; if{ (A:SPOILERS HANDLE POSITION, percent) 1 &gt; if{ (A:TRAILING EDGE FLAPS LEFT PERCENT, percent) 100 } els{ (A:TRAILING EDGE FLAPS LEFT PERCENT, percent) 40 } } els{ (A:TRAILING EDGE FLAPS LEFT PERCENT, percent) 100 } } els{ (A:PLANE ALT ABOVE GROUND, feet) 4000 &lt; if{ (A:VERTICAL SPEED, feet per second) 0.1 &lt; if{ (A:TRAILING EDGE FLAPS LEFT PERCENT, percent) 60 } els{ (A:TRAILING EDGE FLAPS LEFT PERCENT, percent) 0 } } } } } els{ (A:PLANE ALT ABOVE GROUND, feet) 4500 &lt; if{ (A:TRAILING EDGE FLAPS LEFT PERCENT, percent) } }
	   </ANIM_CODE>
			<ANIM_LENGTH>100</ANIM_LENGTH>
			<ANIM_LAG>6</ANIM_LAG>
		</UseTemplate>
	</Component>
	<Component ID="Slats1">
		<UseTemplate Name="ASOBO_GT_Anim_Code">
			<ANIM_NAME>custom_anim_SIM_ON_GROUND_02</ANIM_NAME>
		<ANIM_CODE>
	   (A:LIGHT LANDING, bool) 1 ==
	   if{ (A:SIM ON GROUND, bool) 1 == (A:SPOILERS HANDLE POSITION, percent) 0 == and if{ 50 }
	   els{ (A:SIM ON GROUND, bool) 1 == (A:SPOILERS HANDLE POSITION, percent) 0 &gt; and if{ 100 } 
	   els{ (A:SIM ON GROUND, bool) 0 == (A:AIRSPEED INDICATED, knots) 130 &lt; and if{ 100 }
	   els{ (A:SIM ON GROUND, bool) 0 == (A:AIRSPEED INDICATED, knots) 220 &lt; and if{ 50 }
	   els{ 0 } } } } } } } } }
	   </ANIM_CODE>
			<ANIM_LENGTH>100</ANIM_LENGTH>
			<ANIM_LAG>6</ANIM_LAG>
		</UseTemplate>
	</Component>
	<Component ID="Slats2">
		<UseTemplate Name="ASOBO_GT_Anim_Code">
			<ANIM_NAME>custom_anim_SIM_ON_GROUND_07</ANIM_NAME>
		<ANIM_CODE>
	   (A:LIGHT LANDING, bool) 1 ==
	   if{ (A:SIM ON GROUND, bool) 1 == (A:SPOILERS HANDLE POSITION, percent) 0 == and if{ 50 }
	   els{ (A:SIM ON GROUND, bool) 1 == (A:SPOILERS HANDLE POSITION, percent) 0 &gt; and if{ 100 } 
	   els{ (A:SIM ON GROUND, bool) 0 == (A:AIRSPEED INDICATED, knots) 130 &lt; and if{ 100 }
	   els{ (A:SIM ON GROUND, bool) 0 == (A:AIRSPEED INDICATED, knots) 220 &lt; and if{ 50 }
	   els{ 0 } } } } } } } } }
	   </ANIM_CODE>
			<ANIM_LENGTH>100</ANIM_LENGTH>
			<ANIM_LAG>6</ANIM_LAG>
		</UseTemplate>
	</Component>
		<Component ID="GEARS">
			<UseTemplate Name="ASOBO_GEAR_Center_Template">
				<ANIM_NAME>custom_anim_GEAR_ANIMATION_POSITION_0_00</ANIM_NAME>
			</UseTemplate>
			<UseTemplate Name="ASOBO_GEAR_Left_Template">
				<ANIM_NAME>custom_anim_GEAR_ANIMATION_POSITION_1_09</ANIM_NAME>
			</UseTemplate>
			<UseTemplate Name="ASOBO_GEAR_Right_Template">
				<ANIM_NAME>custom_anim_GEAR_ANIMATION_POSITION_2_12</ANIM_NAME>
			</UseTemplate>
			<UseTemplate Name="ASOBO_GT_Anim_Code">
			<ANIM_NAME>RUDDER_TRIM_PCT</ANIM_NAME>
		<ANIM_CODE>
           	(A:RUDDER TRIM PCT, percent) 100 *
			</ANIM_CODE>
			<ANIM_LENGTH>1000</ANIM_LENGTH>
		</UseTemplate>
		</Component>	
		
		<Component ID="Reverser">
		<UseTemplate Name="ASOBO_GT_Anim_Code">
			<ANIM_NAME>custom_anim_SIM_on_GROUND_05</ANIM_NAME>
		<ANIM_CODE>
			   (A:SIM on GROUND, bool) 1 == if{ (A:TURB ENG JET THRUST:1, pounds) -20 &lt; if{ 100 } } 
	   </ANIM_CODE>
			<ANIM_LENGTH>100</ANIM_LENGTH>
			<ANIM_LAG>60</ANIM_LAG>
		</UseTemplate>
		</Component>	
  
  <Component ID="FlightControls">
		<UseTemplate Name="ASOBO_GT_Anim_Code">
			<ANIM_NAME>l_flap_percent_key</ANIM_NAME>
		<ANIM_CODE>
           	(A:TRAILING EDGE FLAPS LEFT PERCENT, percent) 100 *
			</ANIM_CODE>
			<ANIM_LENGTH>100</ANIM_LENGTH>
			<ANIM_LAG>6</ANIM_LAG>
		</UseTemplate>
		<UseTemplate Name="ASOBO_GT_Anim_Code">
			<ANIM_NAME>r_flap_percent_key</ANIM_NAME>
		<ANIM_CODE>
           	(A:TRAILING EDGE FLAPS RIGHT PERCENT, percent) 100 *
			</ANIM_CODE>
			<ANIM_LENGTH>100</ANIM_LENGTH>
			<ANIM_LAG>6</ANIM_LAG>
		</UseTemplate>
		<UseTemplate Name="ASOBO_GT_Anim_Code">
			<ANIM_NAME>l_lead_edge_flap_percent_key</ANIM_NAME>
		<ANIM_CODE>
           	(A:LEADING EDGE FLAPS LEFT PERCENT, percent) 100 *
			</ANIM_CODE>
			<ANIM_LENGTH>100</ANIM_LENGTH>
			<ANIM_LAG>6</ANIM_LAG>
		</UseTemplate>
		<UseTemplate Name="ASOBO_GT_Anim_Code">
			<ANIM_NAME>r_lead_edge_flap_percent_key</ANIM_NAME>
		<ANIM_CODE>
           	(A:LEADING EDGE FLAPS RIGHT PERCENT, percent) 100 *
			</ANIM_CODE>
			<ANIM_LENGTH>100</ANIM_LENGTH>
			<ANIM_LAG>6</ANIM_LAG>
		</UseTemplate>
		<UseTemplate Name="ASOBO_GT_Anim_Code">
			<ANIM_NAME>r_spoiler_key</ANIM_NAME>
		<ANIM_CODE>
           	(A:SPOILERS RIGHT POSITION, percent) 100 *
			</ANIM_CODE>
			<ANIM_LENGTH>100</ANIM_LENGTH>
			<ANIM_LAG>110</ANIM_LAG>
		</UseTemplate>
		<UseTemplate Name="ASOBO_GT_Anim_Code">
			<ANIM_NAME>l_spoiler_key</ANIM_NAME>
		<ANIM_CODE>
           	(A:SPOILERS LEFT POSITION, percent) 100 *
			</ANIM_CODE>
			<ANIM_LENGTH>100</ANIM_LENGTH>
			<ANIM_LAG>110</ANIM_LAG>
		</UseTemplate>
	</Component>
  <Component ID="Engines1">
 		<UseTemplate Name="ASOBO_ENGINE_Turbine_ReverseThrust_SubTemplate">
			<ID>1</ID>
			<ANIM_NAME>thrust_rev_1</ANIM_NAME>
		</UseTemplate> 
  </Component>
   </Behaviors> 
 
</ModelInfo>